"iso","umd_tree_cover_extent_2000__ha","area__ha"
"ABW",24.95241082599934738,18197.51125791234791243
"AFG",205771.13369319935483552,64383654.925952495376651748
"AGO",55276134.72355040498320712,124691420.88166030432198058
"AIA",2110.91532384051313233,7987.97775556661868578
"ALA",107739.233939761311296320,150613.906303928488428938
"ALB",648459.393223114899700147,2872760.529881174971510151
"AND",18988.503269814785500149,45111.475244779835239135
"ARE",0.0,7109644.09880970536941062
"ARG",39069969.438545954538228585,277905833.693702086545834397
"ARM",336844.951003428776658480,2969017.196849295185875120
"ATF",71.636103116416558,4361.769312734865479
"ATG",19323.41796462197602580,43575.73205430712823297
"AUS",42281440.137706491376876446,768777178.546820895922548054
"AUT",4340283.612492128681599499,8394662.973578307694705192
"AZE",1268606.823907859812109341,8623525.918133138260823030
"BDI",537671.04512377625175131,2693527.44815250448691296
"BEL",865424.761899849482752960,3070743.958633879458294295
"BEN",168201.67128097997305395,11528631.55543044765438630
"BES",2432.08701945959734182,32365.98588800436333498
"BFA",130.29512281844887509,27294664.69043675700731712
"BGD",1938957.31015102270572131,13938387.26508110266464015
"BGR",4138949.863169261631515119,11158731.333753391613505807
"BHR",0.0,71472.44599568405092830
"BHS",303575.28764571292883414,1338765.35112317886091419
"BIH",2657979.783333911318403042,5106883.516049419099619806
"BLM",620.9244948224631876,2094.06479064154812095
"BLR",9118583.187990731659409384,20706903.172361909762960682
"BLZ",1751750.28283430411805772,2204340.93895907180172483
"BMU",604.79413164675993672,6808.37972630400733747
"BOL",64556285.12828971009719137,108437925.60069064434527354
"BRA",519056655.72103127463980633,850907198.47809286764026236
"BRB",5229.81107399683733506,43465.62098869874279082
"BRN",529332.45559192785226893,577739.67424525191277996
"BTN",2577237.82066236661222423,3876297.88713442805811222
"BWA",20328.48134775287058637,57788403.16154535446903381
"CAF",47073506.18381027504515360,62019966.24319904543531125
"CAN",418066874.806929220749569568,983422552.611249758702368709
"CHE",1543999.214933436769796751,4123525.837488899551370819
"CHL",19214324.090409007552698869,75231752.728030634480975487
"CHN",162873594.074644600099430329,935030049.539981443553475209
"CIV",14866947.38386320817502325,32154318.39587583868601430
"CMR",31459320.73391039550347975,46604029.74134724522822653
"COD",199272121.09946104305055143,232886907.14014908755203496
"COG",26388421.38069649054021612,34173270.65183669484204222
"COL",81854357.36656808068666556,113724053.71645834858811297
"COM",134784.16599877586134485,167304.82830117493206038
"CPV",14711.9078123316589307,818195.81320415980215
"CRI",3913125.53091939413447662,5117777.55523371144090464
"CUB",4014605.85438430136955725,11073123.12150135792146030
"CUW",5260.66776782064488434,43776.98739261384107347
"CYM",13458.39070137774226620,28039.82870751711636570
"CYP",89657.99670201488124090,571973.40478553916005064
"CZE",3080968.587160254590671344,7883737.228581696218029751
"DEU",12526018.416769884410270504,35782315.743850406944577365
"DJI",0.07522455290690104,2237201.88402379416447824
"DMA",70924.82609768678777755,75428.37478871906518806
"DNK",663204.54588622182592668,4314475.77645678001801992
"DOM",2576438.46709116214643897,4809206.58809436679554190
"DZA",1223324.151938161788851820,230802066.296498267151631900
"ECU",19048767.71770817836847119,25633999.21656508724519261
"EGY",154304.12265715895065476,98376624.85984899211575149
"ERI",4.60761319908799924,12045735.35574750632854578
"ESH",0.0,26732283.63394038315421969
"ESP",11018935.455641380623799811,50604330.634457688655575285
"EST",2639420.424381802984265025,4548947.841532675167084865
"ETH",12040337.06855421328435489,112902124.44953675079580568
"FIN",21627650.439389265175773391,33693913.685157279711490425
"FJI",1556561.89141510780716821,1808214.38682058057950486
"FLK",2188.16542661547455023,1239776.0837794598748245
"FRA",16783019.858277828756764106,54951533.03895702524893072
"FRO",0.0,143970.71831164937918464
"FSM",6171.7176986925480570,10266.71856649946214826
"GAB",24690954.39902603236932520,26454961.49486696090266952
"GBR",3697148.457826306027103243,24682844.180443800645015564
"GEO",3144570.422246461141291885,6984453.208236107544679974
"GGY",3016.40999161604712707,17689.87511803121337367
"GHA",6968885.80957746677295852,23947396.16166325749164522
"GIB",239.70701895106742075,1442.43293176345207724
"GIN",8159636.17126592402493224,24481607.12570885642068082
"GLP",94756.98039966950872100,165026.95298332870253324
"GMB",4562.23176440458105700,1067021.94619842136720954
"GNB",1069851.78174639880908999,3388190.45064203252998656
"GNQ",2654599.59833825881866001,2695938.88164050648889919
"GRC",3672607.767731670708882210,13257897.365597734353305704
"GRD",28533.71935852239041580,35952.35832738928253292
"GTM",7691096.16959618413023848,10914401.64750831306179442
"GUF",8162753.46744541573556109,8330101.25343797908619366
"GUY",18996037.47698166581591611,20974405.59164853143457895
"HND",7740495.92341681454638543,11229007.59984015481371306
"HRV",2431303.04210812146511505,5707837.686001067221664445
"HTI",858467.54234586021823131,2710756.14746281316289579
"HUN",1989595.847139191750539374,9303963.578081223556128461
"IDN",160640822.20745662509052314,189023580.56716388174230407
"IMN",26434.29924481620187413,115933.01914504613110666
"IND",32620760.31685229917590927,297835739.79323398588693595
"IRL",838578.628968897822647748,7026606.425163191273289910
"IRN",1731670.323928554036347518,162174333.567122308012032941
"IRQ",17505.838963013300919306,43645439.506730669013343924
"ISL",0.0,10222382.8823844415060
"ISR",29484.76741140105108206,2215883.84042137347211589
"ITA",9317984.941982207474151765,30073303.783576410953024638
"JAM",768452.06401247488941297,1099988.12898939293796176
"JEY",3099.94139512385931430,25025.10391387704872815
"JOR",2271.4597412675254060,8919384.97483348318029152
"JPN",26387218.535469572802342204,37240283.232404355690987169
"KAZ",4240314.906812899432313331,273052718.210238659457290985
"KEN",3319471.65242128824597213,58598332.36519314881907498
"KGZ",674934.42158875412868492,19744827.93801079474825890
"KHM",8828151.88427809396572222,18169723.59854818278785938
"KIR",0.0,688.8485014332197
"KNA",13259.65971521061734532,26717.56720623746924999
"KOR",5368013.305192670776964245,10053628.068348371407397416
"KWT",0.0,1742836.80790769577765260
"LAO",19118849.48396444551699259,22987173.47005478355150609
"LBN",65236.07224662138907061,1023806.02581017731491332
"LBR",9384718.07067988716938992,9591804.95661913447920785
"LBY",6833.00933028959191876,161606956.53755958079047429
"LCA",50731.48490213780054825,61447.85346989724619445
"LIE",8942.398887388862532184,15947.462776779594571099
"LKA",3939917.13378793991564666,6583717.14375861445802017
"LSO",6051.73378124677820754,3054529.37144513936504986
"LTU",2336224.343658277625104902,6501663.168784778708801145
"LUX",101328.281914481720169341,258158.038398641078127430
"LVA",3553508.430283714546787009,6471001.339825078270664664
"MAF",1849.28415054694487980,5615.61038781360805000
"MAR",648566.12651266806369691,41349154.25883953516271616
"MCO",0.78326002660156254,470.59496895707152765
"MDA",356004.461289255376443177,3390776.189196362596543865
"MDG",17141084.12839667244890332,59144702.72656930693218687
"MDV",5569.75391625988606639,27912.71303579201629124
"MEX",53168926.08026570735305776,195108695.16286806253369671
"MKD",782000.046899414135611983,2491000.36271479150385203
"MLI",25097.99975557790374179,125119431.48439141137466277
"MLT",116.51663978831598628,32335.60356376568511278
"MMR",42863360.73596863002779967,66929632.29924081883173722
"MNE",616459.420621861540011778,1333653.777366408101379519
"MNG",4090459.046122349547318323,156624911.007887585242116131
"MOZ",28920530.96963308916253207,78746118.38581575100244924
"MRT",33.31622286066296336,104116934.20298188756595535
"MSR",4582.52725114229019839,10061.82208226202640803
"MTQ",74650.34987099721875459,111788.92383582841494538
"MUS",71307.71067557248457688,191369.65786300883255305
"MWI",1521028.05245562682178844,11792701.56092718282758122
"MYS",29444768.36877290938181676,32957849.02358758234504410
"MYT",33577.05042572026132793,39165.25468717394049503
"NAM",4245.77725111273188119,82403983.00485014397662890
"NCL",1440327.53058266432668060,1882560.81367079413711490
"NER",2.32870724518934502,118366968.97949402937239644
"NGA",10048743.17417330748526921,90840970.40362125438198047
"NIC",7773867.49674781914557501,12817891.55608257103314794
"NLD",593055.317484452084964539,3768674.871473388973845085
"NOR",11739515.501807743045407722,32512056.446990626637111399
"NPL",5161037.37075230345700821,14766236.42319469579883104
"NRU",0.0,2215.92588529506841
"NZL",11255803.759062121991556121,26716624.815751254927484108
"OMN",0.35978744001953125,30914206.21170362590582455
"PAK",681137.68003906912883824,79238100.37677600713159558
"PAN",5734588.50039254697415583,7545263.91400247718960939
"PER",78063554.93387099885036593,129246451.70852491984201133
"PHL",18599368.15714236737858921,29585613.31735307969518710
"PLW",41239.49667305034708934,48408.86336560280676370
"PNG",42920262.31131175411931819,46361061.85242842088849579
"POL",10439497.598077318803678100,31239931.641214507997685374
"PRI",523695.53278997472738759,897035.81388686674342175
"PRK",5195565.625139289147036250,12270649.354916482296822429
"PRT",2302483.659830094002030474,8955524.896314741748574917
"PRY",24273208.12748264484578547,39928621.10612971248173334
"PSE",614.76689884244828825,622004.66857315874637516
"QAT",0.0,1158335.12793618030318459
"REU",170475.0271033466663836,251270.7470183980605104
"ROU",7915159.805175046848129143,23833779.153306761754811278
"RUS",761226509.353392037219738781,1689455497.119460094930789063
"RWA",497954.75889888643831249,2527906.88236513331222234
"SAU",6.80771239235243246,192301610.72951394516293156
"SDN",72712.56006032594455420,187213281.58574516330947823
"SEN",39568.06117629145445910,19689014.25389214976428459
"SGP",18783.00048170008985441,69701.00436240751269572
"SLB",2741593.30847915279230337,2853275.47964213590156215
"SLE",5617879.80719582720547513,7260137.93949606386462048
"SLV",988820.08823671419656024,2042273.15937638001663253
"SMR",829.484688559068942785,6121.18212984964705660
"SOM",87128.07478370825238592,63353088.40186650723302874
"SPM",10908.14394444616928112,45326.40899803339875933
"SRB",2730304.724255279720888836,7823151.009489936554851342
"SSD",11386556.72849196983540252,62809894.29226749177983306
"STP",14213.72856982699849704,100218.2185173067950262
"SUR",13949794.86916578093369524,14642538.02647783124496993
"SVK",2396834.505832394873253087,4909564.062440321658481404
"SVN",1291918.435025274626129487,1995674.208556990419230040
"SWE",27883711.639364621806319567,45004551.738927097398615567
"SWZ",469223.14512416630490932,1738319.10443377467363295
"SXM",1022.47272525397601910,3801.75370574557273292
"SYC",6209.47276018502646496,20266.56541199870221404
"SYR",105939.93222040467848609,18691924.00485682894496049
"TCA",10851.31188484817445644,99152.01584845812762653
"TCD",409749.67606694485057489,126995095.29420029860054838
"TGO",551477.42287324191491507,5690432.80857805749821479
"THA",19955448.40744835096078248,51393933.81446738465272348
"TJK",60256.949797587072359288,14211315.879005008021881225
"TKM",10178.877615182597006559,48959751.278794669798154121
"TLS",726234.90387254658154635,1491566.59981116855855643
"TTO",391844.13042389051463647,515898.83835645865429191
"TUN",223928.220708248920825544,15486985.285798043818213233
"TUR",10060811.772248751729754555,78070309.273857633196507862
"TUV",0.0,49.6740143655462652
"TWN",2342180.68494517063971566,3640652.53083594187463974
"TZA",26405606.71470383954315798,94052972.42924164382105369
"UGA",7764952.31418410105028161,24143897.79966388223559582
"UKR",11133282.258886587309696472,60136097.566393692755151936
"UMI",145.8981168277604736,541.6797628049992451
"URY",1693390.17359890212095219,17759936.56041675073756353
"USA",279375325.159093025670598431,947283215.441549009493082018
"UZB",106176.372858032610424391,44755381.815215503065981134
"VCT",29110.61416213894637969,39788.82170150256738927
"VEN",56519469.81247177057440842,91236016.01547961794610558
"VGB",7463.88088378359710484,16932.04449944621268702
"VIR",18997.98048839634266882,36213.84421440055518482
"VNM",16550834.58240477428754969,32926971.33441865060518289
"VUT",1181153.06526150111193839,1231888.02667809398067116
"XAD",911.24200527436854542,46734.47683699154871812
"XKO",369937.705205049245876498,1083659.459447073816943381
"YEM",126.1637233351827542,45217988.44451163498439346
"Z01",1073020.50567099979479379,10424221.61646526611505438
"Z02",0.4370693280989583,457698.1482901449
"Z03",6.98726162472439692,3094760.40810698708942017
"Z04",6.345145292675781,30760.568303083112818
"Z05",4.18120495425781328,25810.88157625805902257
"Z06",297536.194669767634875455,8180461.92910789297831734
"Z07",5136558.04234097424770069,6712877.53414840792167175
"Z08",0.0,141829.5218528802
"Z09",0.9247041416178385,108463.27288113699436606
"ZAF",5983121.26772566669262344,121971045.05695675896941812
"ZMB",24075024.23316793733619546,75117409.12228125818212960
"ZNC",24614.55105850472781480,662829.64684350674740701
"ZWE",1411914.97183902084577890,39004304.63129627998362507
