iso,driver_code,pixel_count,area_ha,driver_label,dataset_name,dataset_version
ABW,6,10,1000.0,mining,drivers_forest_loss_1km_2001_2024_v1_2,v1_2
AFG,1,305,30500.0,commodity_agriculture,drivers_forest_loss_1km_2001_2024_v1_2,v1_2
AFG,2,4,400.0,shifting_agriculture,drivers_forest_loss_1km_2001_2024_v1_2,v1_2
AFG,4,381,38100.0,wildfire,drivers_forest_loss_1km_2001_2024_v1_2,v1_2
AFG,5,173,17300.0,urbanization,drivers_forest_loss_1km_2001_2024_v1_2,v1_2
AFG,6,3,300.0,mining,drivers_forest_loss_1km_2001_2024_v1_2,v1_2
AFG,7,48,4800.0,infrastructure,drivers_forest_loss_1km_2001_2024_v1_2,v1_2
AGO,1,297784,29778400.0,commodity_agriculture,drivers_forest_loss_1km_2001_2024_v1_2,v1_2
AGO,2,2053,205300.0,shifting_agriculture,drivers_forest_loss_1km_2001_2024_v1_2,v1_2
AGO,3,100251,10025100.0,forestry,drivers_forest_loss_1km_2001_2024_v1_2,v1_2
AGO,4,8684,868400.0,wildfire,drivers_forest_loss_1km_2001_2024_v1_2,v1_2
AGO,5,7533,753300.0,urbanization,drivers_forest_loss_1km_2001_2024_v1_2,v1_2
AGO,6,3910,391000.0,mining,drivers_forest_loss_1km_2001_2024_v1_2,v1_2
AGO,7,8805,880500.0,infrastructure,drivers_forest_loss_1km_2001_2024_v1_2,v1_2
AIA,1,2,200.0,commodity_agriculture,drivers_forest_loss_1km_2001_2024_v1_2,v1_2
AIA,6,16,1600.0,mining,drivers_forest_loss_1km_2001_2024_v1_2,v1_2
ALA,1,16,1600.0,commodity_agriculture,drivers_forest_loss_1km_2001_2024_v1_2,v1_2
ALA,4,1282,128200.0,wildfire,drivers_forest_loss_1km_2001_2024_v1_2,v1_2
ALA,5,3,300.0,urbanization,drivers_forest_loss_1km_2001_2024_v1_2,v1_2
ALA,6,36,3600.0,mining,drivers_forest_loss_1km_2001_2024_v1_2,v1_2
ALB,1,982,98200.0,commodity_agriculture,drivers_forest_loss_1km_2001_2024_v1_2,v1_2
ALB,2,390,39000.0,shifting_agriculture,drivers_forest_loss_1km_2001_2024_v1_2,v1_2
ALB,4,2902,290200.0,wildfire,drivers_forest_loss_1km_2001_2024_v1_2,v1_2
ALB,5,4263,426300.0,urbanization,drivers_forest_loss_1km_2001_2024_v1_2,v1_2
ALB,6,832,83200.0,mining,drivers_forest_loss_1km_2001_2024_v1_2,v1_2
ALB,7,385,38500.0,infrastructure,drivers_forest_loss_1km_2001_2024_v1_2,v1_2
AND,1,1,100.0,commodity_agriculture,drivers_forest_loss_1km_2001_2024_v1_2,v1_2
AND,4,16,1600.0,wildfire,drivers_forest_loss_1km_2001_2024_v1_2,v1_2
AND,5,2,200.0,urbanization,drivers_forest_loss_1km_2001_2024_v1_2,v1_2
AND,6,39,3900.0,mining,drivers_forest_loss_1km_2001_2024_v1_2,v1_2
AND,7,21,2100.0,infrastructure,drivers_forest_loss_1km_2001_2024_v1_2,v1_2
ARE,1,1,100.0,commodity_agriculture,drivers_forest_loss_1km_2001_2024_v1_2,v1_2
ARE,6,1,100.0,mining,drivers_forest_loss_1km_2001_2024_v1_2,v1_2
ARG,1,285018,28501800.0,commodity_agriculture,drivers_forest_loss_1km_2001_2024_v1_2,v1_2
ARG,2,1645,164500.0,shifting_agriculture,drivers_forest_loss_1km_2001_2024_v1_2,v1_2
ARG,3,121,12100.0,forestry,drivers_forest_loss_1km_2001_2024_v1_2,v1_2
ARG,4,60359,6035900.0,wildfire,drivers_forest_loss_1km_2001_2024_v1_2,v1_2
ARG,5,23274,2327400.0,urbanization,drivers_forest_loss_1km_2001_2024_v1_2,v1_2
ARG,6,14921,1492100.0,mining,drivers_forest_loss_1km_2001_2024_v1_2,v1_2
ARG,7,37100,3710000.0,infrastructure,drivers_forest_loss_1km_2001_2024_v1_2,v1_2
ARM,1,95,9500.0,commodity_agriculture,drivers_forest_loss_1km_2001_2024_v1_2,v1_2
ARM,2,32,3200.0,shifting_agriculture,drivers_forest_loss_1km_2001_2024_v1_2,v1_2
ARM,4,774,77400.0,wildfire,drivers_forest_loss_1km_2001_2024_v1_2,v1_2
ARM,5,53,5300.0,urbanization,drivers_forest_loss_1km_2001_2024_v1_2,v1_2
ARM,6,69,6900.0,mining,drivers_forest_loss_1km_2001_2024_v1_2,v1_2
ARM,7,139,13900.0,infrastructure,drivers_forest_loss_1km_2001_2024_v1_2,v1_2
ATG,1,100,10000.0,commodity_agriculture,drivers_forest_loss_1km_2001_2024_v1_2,v1_2
ATG,2,15,1500.0,shifting_agriculture,drivers_forest_loss_1km_2001_2024_v1_2,v1_2
ATG,6,50,5000.0,mining,drivers_forest_loss_1km_2001_2024_v1_2,v1_2
ATG,7,19,1900.0,infrastructure,drivers_forest_loss_1km_2001_2024_v1_2,v1_2
AUS,1,132276,13227600.0,commodity_agriculture,drivers_forest_loss_1km_2001_2024_v1_2,v1_2
AUS,2,12275,1227500.0,shifting_agriculture,drivers_forest_loss_1km_2001_2024_v1_2,v1_2
AUS,3,35,3500.0,forestry,drivers_forest_loss_1km_2001_2024_v1_2,v1_2
AUS,4,65931,6593100.0,wildfire,drivers_forest_loss_1km_2001_2024_v1_2,v1_2
AUS,5,360440,36044000.0,urbanization,drivers_forest_loss_1km_2001_2024_v1_2,v1_2
AUS,6,24226,2422600.0,mining,drivers_forest_loss_1km_2001_2024_v1_2,v1_2
AUS,7,18710,1871000.0,infrastructure,drivers_forest_loss_1km_2001_2024_v1_2,v1_2
AUT,1,447,44700.0,commodity_agriculture,drivers_forest_loss_1km_2001_2024_v1_2,v1_2
AUT,2,267,26700.0,shifting_agriculture,drivers_forest_loss_1km_2001_2024_v1_2,v1_2
AUT,4,60262,6026200.0,wildfire,drivers_forest_loss_1km_2001_2024_v1_2,v1_2
AUT,5,65,6500.0,urbanization,drivers_forest_loss_1km_2001_2024_v1_2,v1_2
AUT,6,2286,228600.0,mining,drivers_forest_loss_1km_2001_2024_v1_2,v1_2
AUT,7,3024,302400.0,infrastructure,drivers_forest_loss_1km_2001_2024_v1_2,v1_2
AZE,1,1363,136300.0,commodity_agriculture,drivers_forest_loss_1km_2001_2024_v1_2,v1_2
AZE,2,309,30900.0,shifting_agriculture,drivers_forest_loss_1km_2001_2024_v1_2,v1_2
AZE,4,1105,110500.0,wildfire,drivers_forest_loss_1km_2001_2024_v1_2,v1_2
AZE,5,288,28800.0,urbanization,drivers_forest_loss_1km_2001_2024_v1_2,v1_2
AZE,6,318,31800.0,mining,drivers_forest_loss_1km_2001_2024_v1_2,v1_2
AZE,7,405,40500.0,infrastructure,drivers_forest_loss_1km_2001_2024_v1_2,v1_2
BDI,1,12317,1231700.0,commodity_agriculture,drivers_forest_loss_1km_2001_2024_v1_2,v1_2
BDI,3,97,9700.0,forestry,drivers_forest_loss_1km_2001_2024_v1_2,v1_2
BDI,4,322,32200.0,wildfire,drivers_forest_loss_1km_2001_2024_v1_2,v1_2
BDI,5,22,2200.0,urbanization,drivers_forest_loss_1km_2001_2024_v1_2,v1_2
BDI,6,395,39500.0,mining,drivers_forest_loss_1km_2001_2024_v1_2,v1_2
BDI,7,132,13200.0,infrastructure,drivers_forest_loss_1km_2001_2024_v1_2,v1_2
BEL,1,830,83000.0,commodity_agriculture,drivers_forest_loss_1km_2001_2024_v1_2,v1_2
BEL,2,47,4700.0,shifting_agriculture,drivers_forest_loss_1km_2001_2024_v1_2,v1_2
BEL,4,17252,1725200.0,wildfire,drivers_forest_loss_1km_2001_2024_v1_2,v1_2
BEL,5,13,1300.0,urbanization,drivers_forest_loss_1km_2001_2024_v1_2,v1_2
BEL,6,2461,246100.0,mining,drivers_forest_loss_1km_2001_2024_v1_2,v1_2
BEL,7,13,1300.0,infrastructure,drivers_forest_loss_1km_2001_2024_v1_2,v1_2
BEN,1,67268,6726800.0,commodity_agriculture,drivers_forest_loss_1km_2001_2024_v1_2,v1_2
BEN,2,46,4600.0,shifting_agriculture,drivers_forest_loss_1km_2001_2024_v1_2,v1_2
BEN,3,22,2200.0,forestry,drivers_forest_loss_1km_2001_2024_v1_2,v1_2
BEN,4,135,13500.0,wildfire,drivers_forest_loss_1km_2001_2024_v1_2,v1_2
BEN,5,2,200.0,urbanization,drivers_forest_loss_1km_2001_2024_v1_2,v1_2
BEN,6,1230,123000.0,mining,drivers_forest_loss_1km_2001_2024_v1_2,v1_2
BEN,7,64,6400.0,infrastructure,drivers_forest_loss_1km_2001_2024_v1_2,v1_2
BFA,1,34076,3407600.0,commodity_agriculture,drivers_forest_loss_1km_2001_2024_v1_2,v1_2
BFA,2,96,9600.0,shifting_agriculture,drivers_forest_loss_1km_2001_2024_v1_2,v1_2
BFA,4,3,300.0,wildfire,drivers_forest_loss_1km_2001_2024_v1_2,v1_2
BFA,5,8,800.0,urbanization,drivers_forest_loss_1km_2001_2024_v1_2,v1_2
BFA,6,94,9400.0,mining,drivers_forest_loss_1km_2001_2024_v1_2,v1_2
BFA,7,144,14400.0,infrastructure,drivers_forest_loss_1km_2001_2024_v1_2,v1_2
BGD,1,7265,726500.0,commodity_agriculture,drivers_forest_loss_1km_2001_2024_v1_2,v1_2
BGD,2,5,500.0,shifting_agriculture,drivers_forest_loss_1km_2001_2024_v1_2,v1_2
BGD,3,7225,722500.0,forestry,drivers_forest_loss_1km_2001_2024_v1_2,v1_2
BGD,4,2102,210200.0,wildfire,drivers_forest_loss_1km_2001_2024_v1_2,v1_2
BGD,5,23,2300.0,urbanization,drivers_forest_loss_1km_2001_2024_v1_2,v1_2
BGD,6,751,75100.0,mining,drivers_forest_loss_1km_2001_2024_v1_2,v1_2
BGD,7,715,71500.0,infrastructure,drivers_forest_loss_1km_2001_2024_v1_2,v1_2
BGR,1,1714,171400.0,commodity_agriculture,drivers_forest_loss_1km_2001_2024_v1_2,v1_2
BGR,2,390,39000.0,shifting_agriculture,drivers_forest_loss_1km_2001_2024_v1_2,v1_2
BGR,4,35113,3511300.0,wildfire,drivers_forest_loss_1km_2001_2024_v1_2,v1_2
BGR,5,933,93300.0,urbanization,drivers_forest_loss_1km_2001_2024_v1_2,v1_2
BGR,6,1207,120700.0,mining,drivers_forest_loss_1km_2001_2024_v1_2,v1_2
BGR,7,715,71500.0,infrastructure,drivers_forest_loss_1km_2001_2024_v1_2,v1_2
BHR,1,1,100.0,commodity_agriculture,drivers_forest_loss_1km_2001_2024_v1_2,v1_2
BHS,1,314,31400.0,commodity_agriculture,drivers_forest_loss_1km_2001_2024_v1_2,v1_2
BHS,2,91,9100.0,shifting_agriculture,drivers_forest_loss_1km_2001_2024_v1_2,v1_2
BHS,3,9,900.0,forestry,drivers_forest_loss_1km_2001_2024_v1_2,v1_2
BHS,4,41,4100.0,wildfire,drivers_forest_loss_1km_2001_2024_v1_2,v1_2
BHS,5,464,46400.0,urbanization,drivers_forest_loss_1km_2001_2024_v1_2,v1_2
BHS,6,378,37800.0,mining,drivers_forest_loss_1km_2001_2024_v1_2,v1_2
BHS,7,2154,215400.0,infrastructure,drivers_forest_loss_1km_2001_2024_v1_2,v1_2
BIH,1,773,77300.0,commodity_agriculture,drivers_forest_loss_1km_2001_2024_v1_2,v1_2
BIH,2,338,33800.0,shifting_agriculture,drivers_forest_loss_1km_2001_2024_v1_2,v1_2
BIH,4,11168,1116800.0,wildfire,drivers_forest_loss_1km_2001_2024_v1_2,v1_2
BIH,5,1846,184600.0,urbanization,drivers_forest_loss_1km_2001_2024_v1_2,v1_2
BIH,6,1364,136400.0,mining,drivers_forest_loss_1km_2001_2024_v1_2,v1_2
BIH,7,396,39600.0,infrastructure,drivers_forest_loss_1km_2001_2024_v1_2,v1_2
BLR,1,2420,242000.0,commodity_agriculture,drivers_forest_loss_1km_2001_2024_v1_2,v1_2
BLR,2,444,44400.0,shifting_agriculture,drivers_forest_loss_1km_2001_2024_v1_2,v1_2
BLR,4,137462,13746200.0,wildfire,drivers_forest_loss_1km_2001_2024_v1_2,v1_2
BLR,5,1233,123300.0,urbanization,drivers_forest_loss_1km_2001_2024_v1_2,v1_2
BLR,6,2268,226800.0,mining,drivers_forest_loss_1km_2001_2024_v1_2,v1_2
BLR,7,524,52400.0,infrastructure,drivers_forest_loss_1km_2001_2024_v1_2,v1_2
BLZ,1,6195,619500.0,commodity_agriculture,drivers_forest_loss_1km_2001_2024_v1_2,v1_2
BLZ,2,109,10900.0,shifting_agriculture,drivers_forest_loss_1km_2001_2024_v1_2,v1_2
BLZ,3,1057,105700.0,forestry,drivers_forest_loss_1km_2001_2024_v1_2,v1_2
BLZ,4,659,65900.0,wildfire,drivers_forest_loss_1km_2001_2024_v1_2,v1_2
BLZ,5,1237,123700.0,urbanization,drivers_forest_loss_1km_2001_2024_v1_2,v1_2
BLZ,6,214,21400.0,mining,drivers_forest_loss_1km_2001_2024_v1_2,v1_2
BLZ,7,1878,187800.0,infrastructure,drivers_forest_loss_1km_2001_2024_v1_2,v1_2
BMU,6,2,200.0,mining,drivers_forest_loss_1km_2001_2024_v1_2,v1_2
BOL,1,173509,17350900.0,commodity_agriculture,drivers_forest_loss_1km_2001_2024_v1_2,v1_2
BOL,2,1527,152700.0,shifting_agriculture,drivers_forest_loss_1km_2001_2024_v1_2,v1_2
BOL,3,11539,1153900.0,forestry,drivers_forest_loss_1km_2001_2024_v1_2,v1_2
BOL,4,23872,2387200.0,wildfire,drivers_forest_loss_1km_2001_2024_v1_2,v1_2
BOL,5,110116,11011600.0,urbanization,drivers_forest_loss_1km_2001_2024_v1_2,v1_2
BOL,6,2231,223100.0,mining,drivers_forest_loss_1km_2001_2024_v1_2,v1_2
BOL,7,58043,5804300.0,infrastructure,drivers_forest_loss_1km_2001_2024_v1_2,v1_2
BRA,1,2660696,266069600.0,commodity_agriculture,drivers_forest_loss_1km_2001_2024_v1_2,v1_2
BRA,2,30026,3002600.0,shifting_agriculture,drivers_forest_loss_1km_2001_2024_v1_2,v1_2
BRA,3,76259,7625900.0,forestry,drivers_forest_loss_1km_2001_2024_v1_2,v1_2
BRA,4,453938,45393800.0,wildfire,drivers_forest_loss_1km_2001_2024_v1_2,v1_2
BRA,5,326494,32649400.0,urbanization,drivers_forest_loss_1km_2001_2024_v1_2,v1_2
BRA,6,34819,3481900.0,mining,drivers_forest_loss_1km_2001_2024_v1_2,v1_2
BRA,7,143351,14335100.0,infrastructure,drivers_forest_loss_1km_2001_2024_v1_2,v1_2
BRB,1,127,12700.0,commodity_agriculture,drivers_forest_loss_1km_2001_2024_v1_2,v1_2
BRB,2,1,100.0,shifting_agriculture,drivers_forest_loss_1km_2001_2024_v1_2,v1_2
BRB,6,33,3300.0,mining,drivers_forest_loss_1km_2001_2024_v1_2,v1_2
BRB,7,1,100.0,infrastructure,drivers_forest_loss_1km_2001_2024_v1_2,v1_2
BRN,1,841,84100.0,commodity_agriculture,drivers_forest_loss_1km_2001_2024_v1_2,v1_2
BRN,2,86,8600.0,shifting_agriculture,drivers_forest_loss_1km_2001_2024_v1_2,v1_2
BRN,3,35,3500.0,forestry,drivers_forest_loss_1km_2001_2024_v1_2,v1_2
BRN,4,792,79200.0,wildfire,drivers_forest_loss_1km_2001_2024_v1_2,v1_2
BRN,5,96,9600.0,urbanization,drivers_forest_loss_1km_2001_2024_v1_2,v1_2
BRN,6,280,28000.0,mining,drivers_forest_loss_1km_2001_2024_v1_2,v1_2
BRN,7,53,5300.0,infrastructure,drivers_forest_loss_1km_2001_2024_v1_2,v1_2
BTN,1,2921,292100.0,commodity_agriculture,drivers_forest_loss_1km_2001_2024_v1_2,v1_2
BTN,2,126,12600.0,shifting_agriculture,drivers_forest_loss_1km_2001_2024_v1_2,v1_2
BTN,3,467,46700.0,forestry,drivers_forest_loss_1km_2001_2024_v1_2,v1_2
BTN,4,1485,148500.0,wildfire,drivers_forest_loss_1km_2001_2024_v1_2,v1_2
BTN,5,742,74200.0,urbanization,drivers_forest_loss_1km_2001_2024_v1_2,v1_2
BTN,6,1043,104300.0,mining,drivers_forest_loss_1km_2001_2024_v1_2,v1_2
BTN,7,3288,328800.0,infrastructure,drivers_forest_loss_1km_2001_2024_v1_2,v1_2
BWA,1,3760,376000.0,commodity_agriculture,drivers_forest_loss_1km_2001_2024_v1_2,v1_2
BWA,2,79,7900.0,shifting_agriculture,drivers_forest_loss_1km_2001_2024_v1_2,v1_2
BWA,4,4,400.0,wildfire,drivers_forest_loss_1km_2001_2024_v1_2,v1_2
BWA,5,8,800.0,urbanization,drivers_forest_loss_1km_2001_2024_v1_2,v1_2
BWA,6,76,7600.0,mining,drivers_forest_loss_1km_2001_2024_v1_2,v1_2
BWA,7,132,13200.0,infrastructure,drivers_forest_loss_1km_2001_2024_v1_2,v1_2
CAF,1,72790,7279000.0,commodity_agriculture,drivers_forest_loss_1km_2001_2024_v1_2,v1_2
CAF,2,499,49900.0,shifting_agriculture,drivers_forest_loss_1km_2001_2024_v1_2,v1_2
CAF,3,45625,4562500.0,forestry,drivers_forest_loss_1km_2001_2024_v1_2,v1_2
CAF,4,6869,686900.0,wildfire,drivers_forest_loss_1km_2001_2024_v1_2,v1_2
CAF,5,2398,239800.0,urbanization,drivers_forest_loss_1km_2001_2024_v1_2,v1_2
CAF,6,793,79300.0,mining,drivers_forest_loss_1km_2001_2024_v1_2,v1_2
CAF,7,546,54600.0,infrastructure,drivers_forest_loss_1km_2001_2024_v1_2,v1_2
CAN,1,100968,10096800.0,commodity_agriculture,drivers_forest_loss_1km_2001_2024_v1_2,v1_2
CAN,2,46850,4685000.0,shifting_agriculture,drivers_forest_loss_1km_2001_2024_v1_2,v1_2
CAN,4,1092940,109294000.0,wildfire,drivers_forest_loss_1km_2001_2024_v1_2,v1_2
CAN,5,1421089,142108900.0,urbanization,drivers_forest_loss_1km_2001_2024_v1_2,v1_2
CAN,6,46267,4626700.0,mining,drivers_forest_loss_1km_2001_2024_v1_2,v1_2
CAN,7,385870,38587000.0,infrastructure,drivers_forest_loss_1km_2001_2024_v1_2,v1_2
CHE,1,185,18500.0,commodity_agriculture,drivers_forest_loss_1km_2001_2024_v1_2,v1_2
CHE,2,39,3900.0,shifting_agriculture,drivers_forest_loss_1km_2001_2024_v1_2,v1_2
CHE,4,15402,1540200.0,wildfire,drivers_forest_loss_1km_2001_2024_v1_2,v1_2
CHE,5,40,4000.0,urbanization,drivers_forest_loss_1km_2001_2024_v1_2,v1_2
CHE,6,1517,151700.0,mining,drivers_forest_loss_1km_2001_2024_v1_2,v1_2
CHE,7,1708,170800.0,infrastructure,drivers_forest_loss_1km_2001_2024_v1_2,v1_2
CHL,1,27779,2777900.0,commodity_agriculture,drivers_forest_loss_1km_2001_2024_v1_2,v1_2
CHL,2,1058,105800.0,shifting_agriculture,drivers_forest_loss_1km_2001_2024_v1_2,v1_2
CHL,3,35,3500.0,forestry,drivers_forest_loss_1km_2001_2024_v1_2,v1_2
CHL,4,65968,6596800.0,wildfire,drivers_forest_loss_1km_2001_2024_v1_2,v1_2
CHL,5,11055,1105500.0,urbanization,drivers_forest_loss_1km_2001_2024_v1_2,v1_2
CHL,6,2338,233800.0,mining,drivers_forest_loss_1km_2001_2024_v1_2,v1_2
CHL,7,22944,2294400.0,infrastructure,drivers_forest_loss_1km_2001_2024_v1_2,v1_2
CHN,1,361970,36197000.0,commodity_agriculture,drivers_forest_loss_1km_2001_2024_v1_2,v1_2
CHN,2,56036,5603600.0,shifting_agriculture,drivers_forest_loss_1km_2001_2024_v1_2,v1_2
CHN,3,9174,917400.0,forestry,drivers_forest_loss_1km_2001_2024_v1_2,v1_2
CHN,4,942456,94245600.0,wildfire,drivers_forest_loss_1km_2001_2024_v1_2,v1_2
CHN,5,58663,5866300.0,urbanization,drivers_forest_loss_1km_2001_2024_v1_2,v1_2
CHN,6,288889,28888900.0,mining,drivers_forest_loss_1km_2001_2024_v1_2,v1_2
CHN,7,43533,4353300.0,infrastructure,drivers_forest_loss_1km_2001_2024_v1_2,v1_2
CIV,1,223631,22363100.0,commodity_agriculture,drivers_forest_loss_1km_2001_2024_v1_2,v1_2
CIV,2,502,50200.0,shifting_agriculture,drivers_forest_loss_1km_2001_2024_v1_2,v1_2
CIV,3,9388,938800.0,forestry,drivers_forest_loss_1km_2001_2024_v1_2,v1_2
CIV,4,823,82300.0,wildfire,drivers_forest_loss_1km_2001_2024_v1_2,v1_2
CIV,5,4,400.0,urbanization,drivers_forest_loss_1km_2001_2024_v1_2,v1_2
CIV,6,4963,496300.0,mining,drivers_forest_loss_1km_2001_2024_v1_2,v1_2
CIV,7,368,36800.0,infrastructure,drivers_forest_loss_1km_2001_2024_v1_2,v1_2
CMR,1,80712,8071200.0,commodity_agriculture,drivers_forest_loss_1km_2001_2024_v1_2,v1_2
CMR,2,1872,187200.0,shifting_agriculture,drivers_forest_loss_1km_2001_2024_v1_2,v1_2
CMR,3,68657,6865700.0,forestry,drivers_forest_loss_1km_2001_2024_v1_2,v1_2
CMR,4,34249,3424900.0,wildfire,drivers_forest_loss_1km_2001_2024_v1_2,v1_2
CMR,5,334,33400.0,urbanization,drivers_forest_loss_1km_2001_2024_v1_2,v1_2
CMR,6,4519,451900.0,mining,drivers_forest_loss_1km_2001_2024_v1_2,v1_2
CMR,7,1882,188200.0,infrastructure,drivers_forest_loss_1km_2001_2024_v1_2,v1_2
COD,1,245318,24531800.0,commodity_agriculture,drivers_forest_loss_1km_2001_2024_v1_2,v1_2
COD,2,2390,239000.0,shifting_agriculture,drivers_forest_loss_1km_2001_2024_v1_2,v1_2
COD,3,663026,66302600.0,forestry,drivers_forest_loss_1km_2001_2024_v1_2,v1_2
COD,4,55626,5562600.0,wildfire,drivers_forest_loss_1km_2001_2024_v1_2,v1_2
COD,5,13073,1307300.0,urbanization,drivers_forest_loss_1km_2001_2024_v1_2,v1_2
COD,6,7936,793600.0,mining,drivers_forest_loss_1km_2001_2024_v1_2,v1_2
COD,7,20801,2080100.0,infrastructure,drivers_forest_loss_1km_2001_2024_v1_2,v1_2
COG,1,16006,1600600.0,commodity_agriculture,drivers_forest_loss_1km_2001_2024_v1_2,v1_2
COG,2,809,80900.0,shifting_agriculture,drivers_forest_loss_1km_2001_2024_v1_2,v1_2
COG,3,51021,5102100.0,forestry,drivers_forest_loss_1km_2001_2024_v1_2,v1_2
COG,4,29086,2908600.0,wildfire,drivers_forest_loss_1km_2001_2024_v1_2,v1_2
COG,5,7649,764900.0,urbanization,drivers_forest_loss_1km_2001_2024_v1_2,v1_2
COG,6,1054,105400.0,mining,drivers_forest_loss_1km_2001_2024_v1_2,v1_2
COG,7,7030,703000.0,infrastructure,drivers_forest_loss_1km_2001_2024_v1_2,v1_2
COL,1,329432,32943200.0,commodity_agriculture,drivers_forest_loss_1km_2001_2024_v1_2,v1_2
COL,2,2573,257300.0,shifting_agriculture,drivers_forest_loss_1km_2001_2024_v1_2,v1_2
COL,3,25857,2585700.0,forestry,drivers_forest_loss_1km_2001_2024_v1_2,v1_2
COL,4,13692,1369200.0,wildfire,drivers_forest_loss_1km_2001_2024_v1_2,v1_2
COL,5,2037,203700.0,urbanization,drivers_forest_loss_1km_2001_2024_v1_2,v1_2
COL,6,3084,308400.0,mining,drivers_forest_loss_1km_2001_2024_v1_2,v1_2
COL,7,28481,2848100.0,infrastructure,drivers_forest_loss_1km_2001_2024_v1_2,v1_2
COM,1,480,48000.0,commodity_agriculture,drivers_forest_loss_1km_2001_2024_v1_2,v1_2
COM,3,389,38900.0,forestry,drivers_forest_loss_1km_2001_2024_v1_2,v1_2
COM,4,8,800.0,wildfire,drivers_forest_loss_1km_2001_2024_v1_2,v1_2
COM,5,16,1600.0,urbanization,drivers_forest_loss_1km_2001_2024_v1_2,v1_2
COM,6,63,6300.0,mining,drivers_forest_loss_1km_2001_2024_v1_2,v1_2
COM,7,56,5600.0,infrastructure,drivers_forest_loss_1km_2001_2024_v1_2,v1_2
CPV,1,274,27400.0,commodity_agriculture,drivers_forest_loss_1km_2001_2024_v1_2,v1_2
CPV,2,18,1800.0,shifting_agriculture,drivers_forest_loss_1km_2001_2024_v1_2,v1_2
CPV,5,65,6500.0,urbanization,drivers_forest_loss_1km_2001_2024_v1_2,v1_2
CPV,6,5,500.0,mining,drivers_forest_loss_1km_2001_2024_v1_2,v1_2
CRI,1,28087,2808700.0,commodity_agriculture,drivers_forest_loss_1km_2001_2024_v1_2,v1_2
CRI,2,29,2900.0,shifting_agriculture,drivers_forest_loss_1km_2001_2024_v1_2,v1_2
CRI,3,1315,131500.0,forestry,drivers_forest_loss_1km_2001_2024_v1_2,v1_2
CRI,4,167,16700.0,wildfire,drivers_forest_loss_1km_2001_2024_v1_2,v1_2
CRI,5,98,9800.0,urbanization,drivers_forest_loss_1km_2001_2024_v1_2,v1_2
CRI,6,896,89600.0,mining,drivers_forest_loss_1km_2001_2024_v1_2,v1_2
CRI,7,1082,108200.0,infrastructure,drivers_forest_loss_1km_2001_2024_v1_2,v1_2
CUB,1,42279,4227900.0,commodity_agriculture,drivers_forest_loss_1km_2001_2024_v1_2,v1_2
CUB,2,349,34900.0,shifting_agriculture,drivers_forest_loss_1km_2001_2024_v1_2,v1_2
CUB,3,1477,147700.0,forestry,drivers_forest_loss_1km_2001_2024_v1_2,v1_2
CUB,4,1373,137300.0,wildfire,drivers_forest_loss_1km_2001_2024_v1_2,v1_2
CUB,5,2248,224800.0,urbanization,drivers_forest_loss_1km_2001_2024_v1_2,v1_2
CUB,6,400,40000.0,mining,drivers_forest_loss_1km_2001_2024_v1_2,v1_2
CUB,7,6436,643600.0,infrastructure,drivers_forest_loss_1km_2001_2024_v1_2,v1_2
CUW,1,16,1600.0,commodity_agriculture,drivers_forest_loss_1km_2001_2024_v1_2,v1_2
CUW,2,3,300.0,shifting_agriculture,drivers_forest_loss_1km_2001_2024_v1_2,v1_2
CUW,6,33,3300.0,mining,drivers_forest_loss_1km_2001_2024_v1_2,v1_2
CUW,7,1,100.0,infrastructure,drivers_forest_loss_1km_2001_2024_v1_2,v1_2
CYM,1,15,1500.0,commodity_agriculture,drivers_forest_loss_1km_2001_2024_v1_2,v1_2
CYM,2,4,400.0,shifting_agriculture,drivers_forest_loss_1km_2001_2024_v1_2,v1_2
CYM,6,97,9700.0,mining,drivers_forest_loss_1km_2001_2024_v1_2,v1_2
CYM,7,42,4200.0,infrastructure,drivers_forest_loss_1km_2001_2024_v1_2,v1_2
CYP,1,199,19900.0,commodity_agriculture,drivers_forest_loss_1km_2001_2024_v1_2,v1_2
CYP,2,58,5800.0,shifting_agriculture,drivers_forest_loss_1km_2001_2024_v1_2,v1_2
CYP,4,103,10300.0,wildfire,drivers_forest_loss_1km_2001_2024_v1_2,v1_2
CYP,5,668,66800.0,urbanization,drivers_forest_loss_1km_2001_2024_v1_2,v1_2
CYP,6,58,5800.0,mining,drivers_forest_loss_1km_2001_2024_v1_2,v1_2
CYP,7,1,100.0,infrastructure,drivers_forest_loss_1km_2001_2024_v1_2,v1_2
CZE,1,481,48100.0,commodity_agriculture,drivers_forest_loss_1km_2001_2024_v1_2,v1_2
CZE,2,252,25200.0,shifting_agriculture,drivers_forest_loss_1km_2001_2024_v1_2,v1_2
CZE,4,61721,6172100.0,wildfire,drivers_forest_loss_1km_2001_2024_v1_2,v1_2
CZE,5,1,100.0,urbanization,drivers_forest_loss_1km_2001_2024_v1_2,v1_2
CZE,6,1323,132300.0,mining,drivers_forest_loss_1km_2001_2024_v1_2,v1_2
CZE,7,54,5400.0,infrastructure,drivers_forest_loss_1km_2001_2024_v1_2,v1_2
DEU,1,2895,289500.0,commodity_agriculture,drivers_forest_loss_1km_2001_2024_v1_2,v1_2
DEU,2,1522,152200.0,shifting_agriculture,drivers_forest_loss_1km_2001_2024_v1_2,v1_2
DEU,4,208869,20886900.0,wildfire,drivers_forest_loss_1km_2001_2024_v1_2,v1_2
DEU,5,206,20600.0,urbanization,drivers_forest_loss_1km_2001_2024_v1_2,v1_2
DEU,6,11303,1130300.0,mining,drivers_forest_loss_1km_2001_2024_v1_2,v1_2
DEU,7,459,45900.0,infrastructure,drivers_forest_loss_1km_2001_2024_v1_2,v1_2
DMA,1,81,8100.0,commodity_agriculture,drivers_forest_loss_1km_2001_2024_v1_2,v1_2
DMA,2,6,600.0,shifting_agriculture,drivers_forest_loss_1km_2001_2024_v1_2,v1_2
DMA,3,18,1800.0,forestry,drivers_forest_loss_1km_2001_2024_v1_2,v1_2
DMA,4,2,200.0,wildfire,drivers_forest_loss_1km_2001_2024_v1_2,v1_2
DMA,5,3,300.0,urbanization,drivers_forest_loss_1km_2001_2024_v1_2,v1_2
DMA,6,32,3200.0,mining,drivers_forest_loss_1km_2001_2024_v1_2,v1_2
DMA,7,431,43100.0,infrastructure,drivers_forest_loss_1km_2001_2024_v1_2,v1_2
DNK,1,1981,198100.0,commodity_agriculture,drivers_forest_loss_1km_2001_2024_v1_2,v1_2
DNK,2,68,6800.0,shifting_agriculture,drivers_forest_loss_1km_2001_2024_v1_2,v1_2
DNK,4,21014,2101400.0,wildfire,drivers_forest_loss_1km_2001_2024_v1_2,v1_2
DNK,5,35,3500.0,urbanization,drivers_forest_loss_1km_2001_2024_v1_2,v1_2
DNK,6,979,97900.0,mining,drivers_forest_loss_1km_2001_2024_v1_2,v1_2
DNK,7,101,10100.0,infrastructure,drivers_forest_loss_1km_2001_2024_v1_2,v1_2
DOM,1,28057,2805700.0,commodity_agriculture,drivers_forest_loss_1km_2001_2024_v1_2,v1_2
DOM,2,346,34600.0,shifting_agriculture,drivers_forest_loss_1km_2001_2024_v1_2,v1_2
DOM,3,2047,204700.0,forestry,drivers_forest_loss_1km_2001_2024_v1_2,v1_2
DOM,4,255,25500.0,wildfire,drivers_forest_loss_1km_2001_2024_v1_2,v1_2
DOM,5,1455,145500.0,urbanization,drivers_forest_loss_1km_2001_2024_v1_2,v1_2
DOM,6,1492,149200.0,mining,drivers_forest_loss_1km_2001_2024_v1_2,v1_2
DOM,7,809,80900.0,infrastructure,drivers_forest_loss_1km_2001_2024_v1_2,v1_2
DZA,1,5320,532000.0,commodity_agriculture,drivers_forest_loss_1km_2001_2024_v1_2,v1_2
DZA,2,425,42500.0,shifting_agriculture,drivers_forest_loss_1km_2001_2024_v1_2,v1_2
DZA,3,11,1100.0,forestry,drivers_forest_loss_1km_2001_2024_v1_2,v1_2
DZA,4,375,37500.0,wildfire,drivers_forest_loss_1km_2001_2024_v1_2,v1_2
DZA,5,19069,1906900.0,urbanization,drivers_forest_loss_1km_2001_2024_v1_2,v1_2
DZA,6,1563,156300.0,mining,drivers_forest_loss_1km_2001_2024_v1_2,v1_2
DZA,7,164,16400.0,infrastructure,drivers_forest_loss_1km_2001_2024_v1_2,v1_2
ECU,1,81099,8109900.0,commodity_agriculture,drivers_forest_loss_1km_2001_2024_v1_2,v1_2
ECU,2,894,89400.0,shifting_agriculture,drivers_forest_loss_1km_2001_2024_v1_2,v1_2
ECU,3,10669,1066900.0,forestry,drivers_forest_loss_1km_2001_2024_v1_2,v1_2
ECU,4,4477,447700.0,wildfire,drivers_forest_loss_1km_2001_2024_v1_2,v1_2
ECU,5,620,62000.0,urbanization,drivers_forest_loss_1km_2001_2024_v1_2,v1_2
ECU,6,1502,150200.0,mining,drivers_forest_loss_1km_2001_2024_v1_2,v1_2
ECU,7,8209,820900.0,infrastructure,drivers_forest_loss_1km_2001_2024_v1_2,v1_2
EGY,1,3402,340200.0,commodity_agriculture,drivers_forest_loss_1km_2001_2024_v1_2,v1_2
EGY,2,7,700.0,shifting_agriculture,drivers_forest_loss_1km_2001_2024_v1_2,v1_2
EGY,4,78,7800.0,wildfire,drivers_forest_loss_1km_2001_2024_v1_2,v1_2
EGY,6,589,58900.0,mining,drivers_forest_loss_1km_2001_2024_v1_2,v1_2
EGY,7,61,6100.0,infrastructure,drivers_forest_loss_1km_2001_2024_v1_2,v1_2
ERI,1,70,7000.0,commodity_agriculture,drivers_forest_loss_1km_2001_2024_v1_2,v1_2
ERI,4,1,100.0,wildfire,drivers_forest_loss_1km_2001_2024_v1_2,v1_2
ERI,5,1,100.0,urbanization,drivers_forest_loss_1km_2001_2024_v1_2,v1_2
ERI,7,2,200.0,infrastructure,drivers_forest_loss_1km_2001_2024_v1_2,v1_2
ESP,1,35687,3568700.0,commodity_agriculture,drivers_forest_loss_1km_2001_2024_v1_2,v1_2
ESP,2,1524,152400.0,shifting_agriculture,drivers_forest_loss_1km_2001_2024_v1_2,v1_2
ESP,4,117015,11701500.0,wildfire,drivers_forest_loss_1km_2001_2024_v1_2,v1_2
ESP,5,38590,3859000.0,urbanization,drivers_forest_loss_1km_2001_2024_v1_2,v1_2
ESP,6,7316,731600.0,mining,drivers_forest_loss_1km_2001_2024_v1_2,v1_2
ESP,7,1593,159300.0,infrastructure,drivers_forest_loss_1km_2001_2024_v1_2,v1_2
EST,1,352,35200.0,commodity_agriculture,drivers_forest_loss_1km_2001_2024_v1_2,v1_2
EST,2,403,40300.0,shifting_agriculture,drivers_forest_loss_1km_2001_2024_v1_2,v1_2
EST,4,53226,5322600.0,wildfire,drivers_forest_loss_1km_2001_2024_v1_2,v1_2
EST,5,231,23100.0,urbanization,drivers_forest_loss_1km_2001_2024_v1_2,v1_2
EST,6,828,82800.0,mining,drivers_forest_loss_1km_2001_2024_v1_2,v1_2
EST,7,211,21100.0,infrastructure,drivers_forest_loss_1km_2001_2024_v1_2,v1_2
ETH,1,117934,11793400.0,commodity_agriculture,drivers_forest_loss_1km_2001_2024_v1_2,v1_2
ETH,2,1111,111100.0,shifting_agriculture,drivers_forest_loss_1km_2001_2024_v1_2,v1_2
ETH,3,4048,404800.0,forestry,drivers_forest_loss_1km_2001_2024_v1_2,v1_2
ETH,4,10617,1061700.0,wildfire,drivers_forest_loss_1km_2001_2024_v1_2,v1_2
ETH,5,522,52200.0,urbanization,drivers_forest_loss_1km_2001_2024_v1_2,v1_2
ETH,6,2664,266400.0,mining,drivers_forest_loss_1km_2001_2024_v1_2,v1_2
ETH,7,2664,266400.0,infrastructure,drivers_forest_loss_1km_2001_2024_v1_2,v1_2
FIN,1,3609,360900.0,commodity_agriculture,drivers_forest_loss_1km_2001_2024_v1_2,v1_2
FIN,2,1408,140800.0,shifting_agriculture,drivers_forest_loss_1km_2001_2024_v1_2,v1_2
FIN,4,450931,45093100.0,wildfire,drivers_forest_loss_1km_2001_2024_v1_2,v1_2
FIN,5,2301,230100.0,urbanization,drivers_forest_loss_1km_2001_2024_v1_2,v1_2
FIN,6,8867,886700.0,mining,drivers_forest_loss_1km_2001_2024_v1_2,v1_2
FIN,7,311,31100.0,infrastructure,drivers_forest_loss_1km_2001_2024_v1_2,v1_2
FJI,1,873,87300.0,commodity_agriculture,drivers_forest_loss_1km_2001_2024_v1_2,v1_2
FJI,2,12,1200.0,shifting_agriculture,drivers_forest_loss_1km_2001_2024_v1_2,v1_2
FJI,3,76,7600.0,forestry,drivers_forest_loss_1km_2001_2024_v1_2,v1_2
FJI,4,2024,202400.0,wildfire,drivers_forest_loss_1km_2001_2024_v1_2,v1_2
FJI,5,49,4900.0,urbanization,drivers_forest_loss_1km_2001_2024_v1_2,v1_2
FJI,6,175,17500.0,mining,drivers_forest_loss_1km_2001_2024_v1_2,v1_2
FJI,7,2579,257900.0,infrastructure,drivers_forest_loss_1km_2001_2024_v1_2,v1_2
FSM,7,15,1500.0,infrastructure,drivers_forest_loss_1km_2001_2024_v1_2,v1_2
GAB,1,7881,788100.0,commodity_agriculture,drivers_forest_loss_1km_2001_2024_v1_2,v1_2
GAB,2,1489,148900.0,shifting_agriculture,drivers_forest_loss_1km_2001_2024_v1_2,v1_2
GAB,3,19804,1980400.0,forestry,drivers_forest_loss_1km_2001_2024_v1_2,v1_2
GAB,4,39411,3941100.0,wildfire,drivers_forest_loss_1km_2001_2024_v1_2,v1_2
GAB,5,149,14900.0,urbanization,drivers_forest_loss_1km_2001_2024_v1_2,v1_2
GAB,6,598,59800.0,mining,drivers_forest_loss_1km_2001_2024_v1_2,v1_2
GAB,7,4326,432600.0,infrastructure,drivers_forest_loss_1km_2001_2024_v1_2,v1_2
GBR,1,11000,1100000.0,commodity_agriculture,drivers_forest_loss_1km_2001_2024_v1_2,v1_2
GBR,2,449,44900.0,shifting_agriculture,drivers_forest_loss_1km_2001_2024_v1_2,v1_2
GBR,4,68604,6860400.0,wildfire,drivers_forest_loss_1km_2001_2024_v1_2,v1_2
GBR,5,4328,432800.0,urbanization,drivers_forest_loss_1km_2001_2024_v1_2,v1_2
GBR,6,2255,225500.0,mining,drivers_forest_loss_1km_2001_2024_v1_2,v1_2
GBR,7,517,51700.0,infrastructure,drivers_forest_loss_1km_2001_2024_v1_2,v1_2
GEO,1,810,81000.0,commodity_agriculture,drivers_forest_loss_1km_2001_2024_v1_2,v1_2
GEO,2,156,15600.0,shifting_agriculture,drivers_forest_loss_1km_2001_2024_v1_2,v1_2
GEO,4,2940,294000.0,wildfire,drivers_forest_loss_1km_2001_2024_v1_2,v1_2
GEO,5,117,11700.0,urbanization,drivers_forest_loss_1km_2001_2024_v1_2,v1_2
GEO,6,431,43100.0,mining,drivers_forest_loss_1km_2001_2024_v1_2,v1_2
GEO,7,929,92900.0,infrastructure,drivers_forest_loss_1km_2001_2024_v1_2,v1_2
GGY,6,4,400.0,mining,drivers_forest_loss_1km_2001_2024_v1_2,v1_2
GHA,1,114216,11421600.0,commodity_agriculture,drivers_forest_loss_1km_2001_2024_v1_2,v1_2
GHA,2,3977,397700.0,shifting_agriculture,drivers_forest_loss_1km_2001_2024_v1_2,v1_2
GHA,3,1548,154800.0,forestry,drivers_forest_loss_1km_2001_2024_v1_2,v1_2
GHA,4,3004,300400.0,wildfire,drivers_forest_loss_1km_2001_2024_v1_2,v1_2
GHA,5,45,4500.0,urbanization,drivers_forest_loss_1km_2001_2024_v1_2,v1_2
GHA,6,4851,485100.0,mining,drivers_forest_loss_1km_2001_2024_v1_2,v1_2
GHA,7,1999,199900.0,infrastructure,drivers_forest_loss_1km_2001_2024_v1_2,v1_2
GIN,1,99297,9929700.0,commodity_agriculture,drivers_forest_loss_1km_2001_2024_v1_2,v1_2
GIN,2,1243,124300.0,shifting_agriculture,drivers_forest_loss_1km_2001_2024_v1_2,v1_2
GIN,3,74139,7413900.0,forestry,drivers_forest_loss_1km_2001_2024_v1_2,v1_2
GIN,4,501,50100.0,wildfire,drivers_forest_loss_1km_2001_2024_v1_2,v1_2
GIN,5,21,2100.0,urbanization,drivers_forest_loss_1km_2001_2024_v1_2,v1_2
GIN,6,1162,116200.0,mining,drivers_forest_loss_1km_2001_2024_v1_2,v1_2
GIN,7,591,59100.0,infrastructure,drivers_forest_loss_1km_2001_2024_v1_2,v1_2
GMB,1,3736,373600.0,commodity_agriculture,drivers_forest_loss_1km_2001_2024_v1_2,v1_2
GMB,2,1,100.0,shifting_agriculture,drivers_forest_loss_1km_2001_2024_v1_2,v1_2
GMB,4,2,200.0,wildfire,drivers_forest_loss_1km_2001_2024_v1_2,v1_2
GMB,6,224,22400.0,mining,drivers_forest_loss_1km_2001_2024_v1_2,v1_2
GMB,7,86,8600.0,infrastructure,drivers_forest_loss_1km_2001_2024_v1_2,v1_2
GNB,1,15997,1599700.0,commodity_agriculture,drivers_forest_loss_1km_2001_2024_v1_2,v1_2
GNB,2,53,5300.0,shifting_agriculture,drivers_forest_loss_1km_2001_2024_v1_2,v1_2
GNB,3,4250,425000.0,forestry,drivers_forest_loss_1km_2001_2024_v1_2,v1_2
GNB,4,42,4200.0,wildfire,drivers_forest_loss_1km_2001_2024_v1_2,v1_2
GNB,5,12,1200.0,urbanization,drivers_forest_loss_1km_2001_2024_v1_2,v1_2
GNB,6,347,34700.0,mining,drivers_forest_loss_1km_2001_2024_v1_2,v1_2
GNB,7,549,54900.0,infrastructure,drivers_forest_loss_1km_2001_2024_v1_2,v1_2
GNQ,1,950,95000.0,commodity_agriculture,drivers_forest_loss_1km_2001_2024_v1_2,v1_2
GNQ,2,1276,127600.0,shifting_agriculture,drivers_forest_loss_1km_2001_2024_v1_2,v1_2
GNQ,3,4309,430900.0,forestry,drivers_forest_loss_1km_2001_2024_v1_2,v1_2
GNQ,4,6359,635900.0,wildfire,drivers_forest_loss_1km_2001_2024_v1_2,v1_2
GNQ,5,101,10100.0,urbanization,drivers_forest_loss_1km_2001_2024_v1_2,v1_2
GNQ,6,278,27800.0,mining,drivers_forest_loss_1km_2001_2024_v1_2,v1_2
GNQ,7,314,31400.0,infrastructure,drivers_forest_loss_1km_2001_2024_v1_2,v1_2
GRC,1,9240,924000.0,commodity_agriculture,drivers_forest_loss_1km_2001_2024_v1_2,v1_2
GRC,2,892,89200.0,shifting_agriculture,drivers_forest_loss_1km_2001_2024_v1_2,v1_2
GRC,4,10991,1099100.0,wildfire,drivers_forest_loss_1km_2001_2024_v1_2,v1_2
GRC,5,14651,1465100.0,urbanization,drivers_forest_loss_1km_2001_2024_v1_2,v1_2
GRC,6,4977,497700.0,mining,drivers_forest_loss_1km_2001_2024_v1_2,v1_2
GRC,7,745,74500.0,infrastructure,drivers_forest_loss_1km_2001_2024_v1_2,v1_2
GRD,1,126,12600.0,commodity_agriculture,drivers_forest_loss_1km_2001_2024_v1_2,v1_2
GRD,3,18,1800.0,forestry,drivers_forest_loss_1km_2001_2024_v1_2,v1_2
GRD,4,1,100.0,wildfire,drivers_forest_loss_1km_2001_2024_v1_2,v1_2
GRD,6,100,10000.0,mining,drivers_forest_loss_1km_2001_2024_v1_2,v1_2
GRD,7,20,2000.0,infrastructure,drivers_forest_loss_1km_2001_2024_v1_2,v1_2
GTM,1,59137,5913700.0,commodity_agriculture,drivers_forest_loss_1km_2001_2024_v1_2,v1_2
GTM,2,164,16400.0,shifting_agriculture,drivers_forest_loss_1km_2001_2024_v1_2,v1_2
GTM,3,5468,546800.0,forestry,drivers_forest_loss_1km_2001_2024_v1_2,v1_2
GTM,4,1207,120700.0,wildfire,drivers_forest_loss_1km_2001_2024_v1_2,v1_2
GTM,5,3114,311400.0,urbanization,drivers_forest_loss_1km_2001_2024_v1_2,v1_2
GTM,6,2602,260200.0,mining,drivers_forest_loss_1km_2001_2024_v1_2,v1_2
GTM,7,1432,143200.0,infrastructure,drivers_forest_loss_1km_2001_2024_v1_2,v1_2
GUY,1,8927,892700.0,commodity_agriculture,drivers_forest_loss_1km_2001_2024_v1_2,v1_2
GUY,2,8343,834300.0,shifting_agriculture,drivers_forest_loss_1km_2001_2024_v1_2,v1_2
GUY,3,3672,367200.0,forestry,drivers_forest_loss_1km_2001_2024_v1_2,v1_2
GUY,4,6833,683300.0,wildfire,drivers_forest_loss_1km_2001_2024_v1_2,v1_2
GUY,5,3618,361800.0,urbanization,drivers_forest_loss_1km_2001_2024_v1_2,v1_2
GUY,6,267,26700.0,mining,drivers_forest_loss_1km_2001_2024_v1_2,v1_2
GUY,7,5586,558600.0,infrastructure,drivers_forest_loss_1km_2001_2024_v1_2,v1_2
HKG,1,10,1000.0,commodity_agriculture,drivers_forest_loss_1km_2001_2024_v1_2,v1_2
HKG,2,9,900.0,shifting_agriculture,drivers_forest_loss_1km_2001_2024_v1_2,v1_2
HKG,3,2,200.0,forestry,drivers_forest_loss_1km_2001_2024_v1_2,v1_2
HKG,4,19,1900.0,wildfire,drivers_forest_loss_1km_2001_2024_v1_2,v1_2
HKG,5,71,7100.0,urbanization,drivers_forest_loss_1km_2001_2024_v1_2,v1_2
HKG,6,204,20400.0,mining,drivers_forest_loss_1km_2001_2024_v1_2,v1_2
HKG,7,14,1400.0,infrastructure,drivers_forest_loss_1km_2001_2024_v1_2,v1_2
HND,1,69071,6907100.0,commodity_agriculture,drivers_forest_loss_1km_2001_2024_v1_2,v1_2
HND,2,95,9500.0,shifting_agriculture,drivers_forest_loss_1km_2001_2024_v1_2,v1_2
HND,3,3892,389200.0,forestry,drivers_forest_loss_1km_2001_2024_v1_2,v1_2
HND,4,485,48500.0,wildfire,drivers_forest_loss_1km_2001_2024_v1_2,v1_2
HND,5,2782,278200.0,urbanization,drivers_forest_loss_1km_2001_2024_v1_2,v1_2
HND,6,1198,119800.0,mining,drivers_forest_loss_1km_2001_2024_v1_2,v1_2
HND,7,2791,279100.0,infrastructure,drivers_forest_loss_1km_2001_2024_v1_2,v1_2
HRV,1,1015,101500.0,commodity_agriculture,drivers_forest_loss_1km_2001_2024_v1_2,v1_2
HRV,2,306,30600.0,shifting_agriculture,drivers_forest_loss_1km_2001_2024_v1_2,v1_2
HRV,4,16789,1678900.0,wildfire,drivers_forest_loss_1km_2001_2024_v1_2,v1_2
HRV,5,1322,132200.0,urbanization,drivers_forest_loss_1km_2001_2024_v1_2,v1_2
HRV,6,2136,213600.0,mining,drivers_forest_loss_1km_2001_2024_v1_2,v1_2
HRV,7,156,15600.0,infrastructure,drivers_forest_loss_1km_2001_2024_v1_2,v1_2
HTI,1,10651,1065100.0,commodity_agriculture,drivers_forest_loss_1km_2001_2024_v1_2,v1_2
HTI,2,177,17700.0,shifting_agriculture,drivers_forest_loss_1km_2001_2024_v1_2,v1_2
HTI,3,1840,184000.0,forestry,drivers_forest_loss_1km_2001_2024_v1_2,v1_2
HTI,4,20,2000.0,wildfire,drivers_forest_loss_1km_2001_2024_v1_2,v1_2
HTI,5,155,15500.0,urbanization,drivers_forest_loss_1km_2001_2024_v1_2,v1_2
HTI,6,501,50100.0,mining,drivers_forest_loss_1km_2001_2024_v1_2,v1_2
HTI,7,327,32700.0,infrastructure,drivers_forest_loss_1km_2001_2024_v1_2,v1_2
HUN,1,1289,128900.0,commodity_agriculture,drivers_forest_loss_1km_2001_2024_v1_2,v1_2
HUN,2,164,16400.0,shifting_agriculture,drivers_forest_loss_1km_2001_2024_v1_2,v1_2
HUN,4,36881,3688100.0,wildfire,drivers_forest_loss_1km_2001_2024_v1_2,v1_2
HUN,5,29,2900.0,urbanization,drivers_forest_loss_1km_2001_2024_v1_2,v1_2
HUN,6,771,77100.0,mining,drivers_forest_loss_1km_2001_2024_v1_2,v1_2
HUN,7,181,18100.0,infrastructure,drivers_forest_loss_1km_2001_2024_v1_2,v1_2
IDN,1,558355,55835500.0,commodity_agriculture,drivers_forest_loss_1km_2001_2024_v1_2,v1_2
IDN,2,15517,1551700.0,shifting_agriculture,drivers_forest_loss_1km_2001_2024_v1_2,v1_2
IDN,3,91724,9172400.0,forestry,drivers_forest_loss_1km_2001_2024_v1_2,v1_2
IDN,4,173564,17356400.0,wildfire,drivers_forest_loss_1km_2001_2024_v1_2,v1_2
IDN,5,59454,5945400.0,urbanization,drivers_forest_loss_1km_2001_2024_v1_2,v1_2
IDN,6,13094,1309400.0,mining,drivers_forest_loss_1km_2001_2024_v1_2,v1_2
IDN,7,61785,6178500.0,infrastructure,drivers_forest_loss_1km_2001_2024_v1_2,v1_2
IMN,1,45,4500.0,commodity_agriculture,drivers_forest_loss_1km_2001_2024_v1_2,v1_2
IMN,4,136,13600.0,wildfire,drivers_forest_loss_1km_2001_2024_v1_2,v1_2
IMN,5,3,300.0,urbanization,drivers_forest_loss_1km_2001_2024_v1_2,v1_2
IMN,6,4,400.0,mining,drivers_forest_loss_1km_2001_2024_v1_2,v1_2
IMN,7,1,100.0,infrastructure,drivers_forest_loss_1km_2001_2024_v1_2,v1_2
IND,1,166158,16615800.0,commodity_agriculture,drivers_forest_loss_1km_2001_2024_v1_2,v1_2
IND,2,2946,294600.0,shifting_agriculture,drivers_forest_loss_1km_2001_2024_v1_2,v1_2
IND,3,81843,8184300.0,forestry,drivers_forest_loss_1km_2001_2024_v1_2,v1_2
IND,4,36937,3693700.0,wildfire,drivers_forest_loss_1km_2001_2024_v1_2,v1_2
IND,5,3008,300800.0,urbanization,drivers_forest_loss_1km_2001_2024_v1_2,v1_2
IND,6,13659,1365900.0,mining,drivers_forest_loss_1km_2001_2024_v1_2,v1_2
IND,7,14886,1488600.0,infrastructure,drivers_forest_loss_1km_2001_2024_v1_2,v1_2
IRL,1,5830,583000.0,commodity_agriculture,drivers_forest_loss_1km_2001_2024_v1_2,v1_2
IRL,2,57,5700.0,shifting_agriculture,drivers_forest_loss_1km_2001_2024_v1_2,v1_2
IRL,4,21528,2152800.0,wildfire,drivers_forest_loss_1km_2001_2024_v1_2,v1_2
IRL,5,618,61800.0,urbanization,drivers_forest_loss_1km_2001_2024_v1_2,v1_2
IRL,6,436,43600.0,mining,drivers_forest_loss_1km_2001_2024_v1_2,v1_2
IRL,7,95,9500.0,infrastructure,drivers_forest_loss_1km_2001_2024_v1_2,v1_2
IRN,1,1037,103700.0,commodity_agriculture,drivers_forest_loss_1km_2001_2024_v1_2,v1_2
IRN,2,111,11100.0,shifting_agriculture,drivers_forest_loss_1km_2001_2024_v1_2,v1_2
IRN,3,16,1600.0,forestry,drivers_forest_loss_1km_2001_2024_v1_2,v1_2
IRN,4,765,76500.0,wildfire,drivers_forest_loss_1km_2001_2024_v1_2,v1_2
IRN,5,160,16000.0,urbanization,drivers_forest_loss_1km_2001_2024_v1_2,v1_2
IRN,6,343,34300.0,mining,drivers_forest_loss_1km_2001_2024_v1_2,v1_2
IRN,7,189,18900.0,infrastructure,drivers_forest_loss_1km_2001_2024_v1_2,v1_2
IRQ,1,154,15400.0,commodity_agriculture,drivers_forest_loss_1km_2001_2024_v1_2,v1_2
IRQ,2,7,700.0,shifting_agriculture,drivers_forest_loss_1km_2001_2024_v1_2,v1_2
IRQ,4,8,800.0,wildfire,drivers_forest_loss_1km_2001_2024_v1_2,v1_2
IRQ,5,4,400.0,urbanization,drivers_forest_loss_1km_2001_2024_v1_2,v1_2
IRQ,6,38,3800.0,mining,drivers_forest_loss_1km_2001_2024_v1_2,v1_2
IRQ,7,47,4700.0,infrastructure,drivers_forest_loss_1km_2001_2024_v1_2,v1_2
ISR,1,945,94500.0,commodity_agriculture,drivers_forest_loss_1km_2001_2024_v1_2,v1_2
ISR,2,74,7400.0,shifting_agriculture,drivers_forest_loss_1km_2001_2024_v1_2,v1_2
ISR,4,191,19100.0,wildfire,drivers_forest_loss_1km_2001_2024_v1_2,v1_2
ISR,5,190,19000.0,urbanization,drivers_forest_loss_1km_2001_2024_v1_2,v1_2
ISR,6,526,52600.0,mining,drivers_forest_loss_1km_2001_2024_v1_2,v1_2
ITA,1,22094,2209400.0,commodity_agriculture,drivers_forest_loss_1km_2001_2024_v1_2,v1_2
ITA,2,1091,109100.0,shifting_agriculture,drivers_forest_loss_1km_2001_2024_v1_2,v1_2
ITA,4,76121,7612100.0,wildfire,drivers_forest_loss_1km_2001_2024_v1_2,v1_2
ITA,5,10893,1089300.0,urbanization,drivers_forest_loss_1km_2001_2024_v1_2,v1_2
ITA,6,11183,1118300.0,mining,drivers_forest_loss_1km_2001_2024_v1_2,v1_2
ITA,7,4177,417700.0,infrastructure,drivers_forest_loss_1km_2001_2024_v1_2,v1_2
JAM,1,4806,480600.0,commodity_agriculture,drivers_forest_loss_1km_2001_2024_v1_2,v1_2
JAM,2,217,21700.0,shifting_agriculture,drivers_forest_loss_1km_2001_2024_v1_2,v1_2
JAM,3,1032,103200.0,forestry,drivers_forest_loss_1km_2001_2024_v1_2,v1_2
JAM,4,6,600.0,wildfire,drivers_forest_loss_1km_2001_2024_v1_2,v1_2
JAM,5,17,1700.0,urbanization,drivers_forest_loss_1km_2001_2024_v1_2,v1_2
JAM,6,1218,121800.0,mining,drivers_forest_loss_1km_2001_2024_v1_2,v1_2
JAM,7,485,48500.0,infrastructure,drivers_forest_loss_1km_2001_2024_v1_2,v1_2
JEY,1,7,700.0,commodity_agriculture,drivers_forest_loss_1km_2001_2024_v1_2,v1_2
JEY,4,12,1200.0,wildfire,drivers_forest_loss_1km_2001_2024_v1_2,v1_2
JEY,6,4,400.0,mining,drivers_forest_loss_1km_2001_2024_v1_2,v1_2
JOR,1,46,4600.0,commodity_agriculture,drivers_forest_loss_1km_2001_2024_v1_2,v1_2
JOR,5,6,600.0,urbanization,drivers_forest_loss_1km_2001_2024_v1_2,v1_2
JPN,1,6285,628500.0,commodity_agriculture,drivers_forest_loss_1km_2001_2024_v1_2,v1_2
JPN,2,3483,348300.0,shifting_agriculture,drivers_forest_loss_1km_2001_2024_v1_2,v1_2
JPN,3,7,700.0,forestry,drivers_forest_loss_1km_2001_2024_v1_2,v1_2
JPN,4,133700,13370000.0,wildfire,drivers_forest_loss_1km_2001_2024_v1_2,v1_2
JPN,5,124,12400.0,urbanization,drivers_forest_loss_1km_2001_2024_v1_2,v1_2
JPN,6,27006,2700600.0,mining,drivers_forest_loss_1km_2001_2024_v1_2,v1_2
JPN,7,2026,202600.0,infrastructure,drivers_forest_loss_1km_2001_2024_v1_2,v1_2
KAZ,1,3838,383800.0,commodity_agriculture,drivers_forest_loss_1km_2001_2024_v1_2,v1_2
KAZ,2,589,58900.0,shifting_agriculture,drivers_forest_loss_1km_2001_2024_v1_2,v1_2
KAZ,3,2,200.0,forestry,drivers_forest_loss_1km_2001_2024_v1_2,v1_2
KAZ,4,13892,1389200.0,wildfire,drivers_forest_loss_1km_2001_2024_v1_2,v1_2
KAZ,5,6066,606600.0,urbanization,drivers_forest_loss_1km_2001_2024_v1_2,v1_2
KAZ,6,440,44000.0,mining,drivers_forest_loss_1km_2001_2024_v1_2,v1_2
KAZ,7,10048,1004800.0,infrastructure,drivers_forest_loss_1km_2001_2024_v1_2,v1_2
KEN,1,68375,6837500.0,commodity_agriculture,drivers_forest_loss_1km_2001_2024_v1_2,v1_2
KEN,2,112,11200.0,shifting_agriculture,drivers_forest_loss_1km_2001_2024_v1_2,v1_2
KEN,3,514,51400.0,forestry,drivers_forest_loss_1km_2001_2024_v1_2,v1_2
KEN,4,6618,661800.0,wildfire,drivers_forest_loss_1km_2001_2024_v1_2,v1_2
KEN,5,291,29100.0,urbanization,drivers_forest_loss_1km_2001_2024_v1_2,v1_2
KEN,6,1795,179500.0,mining,drivers_forest_loss_1km_2001_2024_v1_2,v1_2
KEN,7,1323,132300.0,infrastructure,drivers_forest_loss_1km_2001_2024_v1_2,v1_2
KGZ,1,388,38800.0,commodity_agriculture,drivers_forest_loss_1km_2001_2024_v1_2,v1_2
KGZ,2,30,3000.0,shifting_agriculture,drivers_forest_loss_1km_2001_2024_v1_2,v1_2
KGZ,4,452,45200.0,wildfire,drivers_forest_loss_1km_2001_2024_v1_2,v1_2
KGZ,5,167,16700.0,urbanization,drivers_forest_loss_1km_2001_2024_v1_2,v1_2
KGZ,6,46,4600.0,mining,drivers_forest_loss_1km_2001_2024_v1_2,v1_2
KGZ,7,703,70300.0,infrastructure,drivers_forest_loss_1km_2001_2024_v1_2,v1_2
KHM,1,79400,7940000.0,commodity_agriculture,drivers_forest_loss_1km_2001_2024_v1_2,v1_2
KHM,2,1386,138600.0,shifting_agriculture,drivers_forest_loss_1km_2001_2024_v1_2,v1_2
KHM,3,4751,475100.0,forestry,drivers_forest_loss_1km_2001_2024_v1_2,v1_2
KHM,4,3628,362800.0,wildfire,drivers_forest_loss_1km_2001_2024_v1_2,v1_2
KHM,5,2027,202700.0,urbanization,drivers_forest_loss_1km_2001_2024_v1_2,v1_2
KHM,6,815,81500.0,mining,drivers_forest_loss_1km_2001_2024_v1_2,v1_2
KHM,7,3091,309100.0,infrastructure,drivers_forest_loss_1km_2001_2024_v1_2,v1_2
KNA,1,80,8000.0,commodity_agriculture,drivers_forest_loss_1km_2001_2024_v1_2,v1_2
KNA,6,21,2100.0,mining,drivers_forest_loss_1km_2001_2024_v1_2,v1_2
KNA,7,14,1400.0,infrastructure,drivers_forest_loss_1km_2001_2024_v1_2,v1_2
KOR,1,1413,141300.0,commodity_agriculture,drivers_forest_loss_1km_2001_2024_v1_2,v1_2
KOR,2,1291,129100.0,shifting_agriculture,drivers_forest_loss_1km_2001_2024_v1_2,v1_2
KOR,4,38326,3832600.0,wildfire,drivers_forest_loss_1km_2001_2024_v1_2,v1_2
KOR,5,730,73000.0,urbanization,drivers_forest_loss_1km_2001_2024_v1_2,v1_2
KOR,6,16712,1671200.0,mining,drivers_forest_loss_1km_2001_2024_v1_2,v1_2
KOR,7,145,14500.0,infrastructure,drivers_forest_loss_1km_2001_2024_v1_2,v1_2
LAO,1,62172,6217200.0,commodity_agriculture,drivers_forest_loss_1km_2001_2024_v1_2,v1_2
LAO,2,3547,354700.0,shifting_agriculture,drivers_forest_loss_1km_2001_2024_v1_2,v1_2
LAO,3,87659,8765900.0,forestry,drivers_forest_loss_1km_2001_2024_v1_2,v1_2
LAO,4,1972,197200.0,wildfire,drivers_forest_loss_1km_2001_2024_v1_2,v1_2
LAO,5,300,30000.0,urbanization,drivers_forest_loss_1km_2001_2024_v1_2,v1_2
LAO,6,1114,111400.0,mining,drivers_forest_loss_1km_2001_2024_v1_2,v1_2
LAO,7,1921,192100.0,infrastructure,drivers_forest_loss_1km_2001_2024_v1_2,v1_2
LBN,1,496,49600.0,commodity_agriculture,drivers_forest_loss_1km_2001_2024_v1_2,v1_2
LBN,2,68,6800.0,shifting_agriculture,drivers_forest_loss_1km_2001_2024_v1_2,v1_2
LBN,4,444,44400.0,wildfire,drivers_forest_loss_1km_2001_2024_v1_2,v1_2
LBN,5,484,48400.0,urbanization,drivers_forest_loss_1km_2001_2024_v1_2,v1_2
LBN,6,942,94200.0,mining,drivers_forest_loss_1km_2001_2024_v1_2,v1_2
LBR,1,14299,1429900.0,commodity_agriculture,drivers_forest_loss_1km_2001_2024_v1_2,v1_2
LBR,2,395,39500.0,shifting_agriculture,drivers_forest_loss_1km_2001_2024_v1_2,v1_2
LBR,3,37003,3700300.0,forestry,drivers_forest_loss_1km_2001_2024_v1_2,v1_2
LBR,4,8994,899400.0,wildfire,drivers_forest_loss_1km_2001_2024_v1_2,v1_2
LBR,5,43,4300.0,urbanization,drivers_forest_loss_1km_2001_2024_v1_2,v1_2
LBR,6,558,55800.0,mining,drivers_forest_loss_1km_2001_2024_v1_2,v1_2
LBR,7,105,10500.0,infrastructure,drivers_forest_loss_1km_2001_2024_v1_2,v1_2
LBY,1,639,63900.0,commodity_agriculture,drivers_forest_loss_1km_2001_2024_v1_2,v1_2
LBY,2,72,7200.0,shifting_agriculture,drivers_forest_loss_1km_2001_2024_v1_2,v1_2
LBY,4,1,100.0,wildfire,drivers_forest_loss_1km_2001_2024_v1_2,v1_2
LBY,5,162,16200.0,urbanization,drivers_forest_loss_1km_2001_2024_v1_2,v1_2
LBY,6,115,11500.0,mining,drivers_forest_loss_1km_2001_2024_v1_2,v1_2
LCA,1,161,16100.0,commodity_agriculture,drivers_forest_loss_1km_2001_2024_v1_2,v1_2
LCA,3,2,200.0,forestry,drivers_forest_loss_1km_2001_2024_v1_2,v1_2
LCA,6,131,13100.0,mining,drivers_forest_loss_1km_2001_2024_v1_2,v1_2
LCA,7,96,9600.0,infrastructure,drivers_forest_loss_1km_2001_2024_v1_2,v1_2
LIE,4,19,1900.0,wildfire,drivers_forest_loss_1km_2001_2024_v1_2,v1_2
LIE,6,23,2300.0,mining,drivers_forest_loss_1km_2001_2024_v1_2,v1_2
LIE,7,6,600.0,infrastructure,drivers_forest_loss_1km_2001_2024_v1_2,v1_2
LKA,1,31343,3134300.0,commodity_agriculture,drivers_forest_loss_1km_2001_2024_v1_2,v1_2
LKA,2,313,31300.0,shifting_agriculture,drivers_forest_loss_1km_2001_2024_v1_2,v1_2
LKA,3,159,15900.0,forestry,drivers_forest_loss_1km_2001_2024_v1_2,v1_2
LKA,4,1059,105900.0,wildfire,drivers_forest_loss_1km_2001_2024_v1_2,v1_2
LKA,5,50,5000.0,urbanization,drivers_forest_loss_1km_2001_2024_v1_2,v1_2
LKA,6,2241,224100.0,mining,drivers_forest_loss_1km_2001_2024_v1_2,v1_2
LKA,7,575,57500.0,infrastructure,drivers_forest_loss_1km_2001_2024_v1_2,v1_2
LSO,1,180,18000.0,commodity_agriculture,drivers_forest_loss_1km_2001_2024_v1_2,v1_2
LSO,4,51,5100.0,wildfire,drivers_forest_loss_1km_2001_2024_v1_2,v1_2
LSO,5,43,4300.0,urbanization,drivers_forest_loss_1km_2001_2024_v1_2,v1_2
LSO,6,7,700.0,mining,drivers_forest_loss_1km_2001_2024_v1_2,v1_2
LSO,7,3,300.0,infrastructure,drivers_forest_loss_1km_2001_2024_v1_2,v1_2
LTU,1,451,45100.0,commodity_agriculture,drivers_forest_loss_1km_2001_2024_v1_2,v1_2
LTU,2,88,8800.0,shifting_agriculture,drivers_forest_loss_1km_2001_2024_v1_2,v1_2
LTU,4,51414,5141400.0,wildfire,drivers_forest_loss_1km_2001_2024_v1_2,v1_2
LTU,5,38,3800.0,urbanization,drivers_forest_loss_1km_2001_2024_v1_2,v1_2
LTU,6,816,81600.0,mining,drivers_forest_loss_1km_2001_2024_v1_2,v1_2
LTU,7,101,10100.0,infrastructure,drivers_forest_loss_1km_2001_2024_v1_2,v1_2
LUX,1,23,2300.0,commodity_agriculture,drivers_forest_loss_1km_2001_2024_v1_2,v1_2
LUX,2,5,500.0,shifting_agriculture,drivers_forest_loss_1km_2001_2024_v1_2,v1_2
LUX,4,2081,208100.0,wildfire,drivers_forest_loss_1km_2001_2024_v1_2,v1_2
LUX,6,131,13100.0,mining,drivers_forest_loss_1km_2001_2024_v1_2,v1_2
LVA,1,528,52800.0,commodity_agriculture,drivers_forest_loss_1km_2001_2024_v1_2,v1_2
LVA,2,101,10100.0,shifting_agriculture,drivers_forest_loss_1km_2001_2024_v1_2,v1_2
LVA,4,78611,7861100.0,wildfire,drivers_forest_loss_1km_2001_2024_v1_2,v1_2
LVA,5,132,13200.0,urbanization,drivers_forest_loss_1km_2001_2024_v1_2,v1_2
LVA,6,798,79800.0,mining,drivers_forest_loss_1km_2001_2024_v1_2,v1_2
LVA,7,126,12600.0,infrastructure,drivers_forest_loss_1km_2001_2024_v1_2,v1_2
MAC,4,2,200.0,wildfire,drivers_forest_loss_1km_2001_2024_v1_2,v1_2
MAC,6,5,500.0,mining,drivers_forest_loss_1km_2001_2024_v1_2,v1_2
MAF,1,6,600.0,commodity_agriculture,drivers_forest_loss_1km_2001_2024_v1_2,v1_2
MAF,6,9,900.0,mining,drivers_forest_loss_1km_2001_2024_v1_2,v1_2
MAF,7,1,100.0,infrastructure,drivers_forest_loss_1km_2001_2024_v1_2,v1_2
MAR,1,9020,902000.0,commodity_agriculture,drivers_forest_loss_1km_2001_2024_v1_2,v1_2
MAR,2,186,18600.0,shifting_agriculture,drivers_forest_loss_1km_2001_2024_v1_2,v1_2
MAR,4,2252,225200.0,wildfire,drivers_forest_loss_1km_2001_2024_v1_2,v1_2
MAR,5,4363,436300.0,urbanization,drivers_forest_loss_1km_2001_2024_v1_2,v1_2
MAR,6,541,54100.0,mining,drivers_forest_loss_1km_2001_2024_v1_2,v1_2
MAR,7,57,5700.0,infrastructure,drivers_forest_loss_1km_2001_2024_v1_2,v1_2
MCO,5,2,200.0,urbanization,drivers_forest_loss_1km_2001_2024_v1_2,v1_2
MCO,6,8,800.0,mining,drivers_forest_loss_1km_2001_2024_v1_2,v1_2
MDA,1,635,63500.0,commodity_agriculture,drivers_forest_loss_1km_2001_2024_v1_2,v1_2
MDA,2,12,1200.0,shifting_agriculture,drivers_forest_loss_1km_2001_2024_v1_2,v1_2
MDA,4,5462,546200.0,wildfire,drivers_forest_loss_1km_2001_2024_v1_2,v1_2
MDA,5,55,5500.0,urbanization,drivers_forest_loss_1km_2001_2024_v1_2,v1_2
MDA,6,102,10200.0,mining,drivers_forest_loss_1km_2001_2024_v1_2,v1_2
MDA,7,72,7200.0,infrastructure,drivers_forest_loss_1km_2001_2024_v1_2,v1_2
MDG,1,135400,13540000.0,commodity_agriculture,drivers_forest_loss_1km_2001_2024_v1_2,v1_2
MDG,2,913,91300.0,shifting_agriculture,drivers_forest_loss_1km_2001_2024_v1_2,v1_2
MDG,3,97719,9771900.0,forestry,drivers_forest_loss_1km_2001_2024_v1_2,v1_2
MDG,4,5181,518100.0,wildfire,drivers_forest_loss_1km_2001_2024_v1_2,v1_2
MDG,5,17899,1789900.0,urbanization,drivers_forest_loss_1km_2001_2024_v1_2,v1_2
MDG,6,629,62900.0,mining,drivers_forest_loss_1km_2001_2024_v1_2,v1_2
MDG,7,7357,735700.0,infrastructure,drivers_forest_loss_1km_2001_2024_v1_2,v1_2
MDV,6,5,500.0,mining,drivers_forest_loss_1km_2001_2024_v1_2,v1_2
MDV,7,6,600.0,infrastructure,drivers_forest_loss_1km_2001_2024_v1_2,v1_2
MEX,1,368670,36867000.0,commodity_agriculture,drivers_forest_loss_1km_2001_2024_v1_2,v1_2
MEX,2,5338,533800.0,shifting_agriculture,drivers_forest_loss_1km_2001_2024_v1_2,v1_2
MEX,3,15645,1564500.0,forestry,drivers_forest_loss_1km_2001_2024_v1_2,v1_2
MEX,4,8860,886000.0,wildfire,drivers_forest_loss_1km_2001_2024_v1_2,v1_2
MEX,5,41930,4193000.0,urbanization,drivers_forest_loss_1km_2001_2024_v1_2,v1_2
MEX,6,10204,1020400.0,mining,drivers_forest_loss_1km_2001_2024_v1_2,v1_2
MEX,7,18599,1859900.0,infrastructure,drivers_forest_loss_1km_2001_2024_v1_2,v1_2
MKD,1,347,34700.0,commodity_agriculture,drivers_forest_loss_1km_2001_2024_v1_2,v1_2
MKD,2,176,17600.0,shifting_agriculture,drivers_forest_loss_1km_2001_2024_v1_2,v1_2
MKD,4,5901,590100.0,wildfire,drivers_forest_loss_1km_2001_2024_v1_2,v1_2
MKD,5,1778,177800.0,urbanization,drivers_forest_loss_1km_2001_2024_v1_2,v1_2
MKD,6,303,30300.0,mining,drivers_forest_loss_1km_2001_2024_v1_2,v1_2
MKD,7,196,19600.0,infrastructure,drivers_forest_loss_1km_2001_2024_v1_2,v1_2
MLI,1,73199,7319900.0,commodity_agriculture,drivers_forest_loss_1km_2001_2024_v1_2,v1_2
MLI,2,1019,101900.0,shifting_agriculture,drivers_forest_loss_1km_2001_2024_v1_2,v1_2
MLI,3,36,3600.0,forestry,drivers_forest_loss_1km_2001_2024_v1_2,v1_2
MLI,4,9,900.0,wildfire,drivers_forest_loss_1km_2001_2024_v1_2,v1_2
MLI,5,10,1000.0,urbanization,drivers_forest_loss_1km_2001_2024_v1_2,v1_2
MLI,6,130,13000.0,mining,drivers_forest_loss_1km_2001_2024_v1_2,v1_2
MLI,7,21,2100.0,infrastructure,drivers_forest_loss_1km_2001_2024_v1_2,v1_2
MLT,1,1,100.0,commodity_agriculture,drivers_forest_loss_1km_2001_2024_v1_2,v1_2
MLT,6,3,300.0,mining,drivers_forest_loss_1km_2001_2024_v1_2,v1_2
MMR,1,125106,12510600.0,commodity_agriculture,drivers_forest_loss_1km_2001_2024_v1_2,v1_2
MMR,2,9108,910800.0,shifting_agriculture,drivers_forest_loss_1km_2001_2024_v1_2,v1_2
MMR,3,179763,17976300.0,forestry,drivers_forest_loss_1km_2001_2024_v1_2,v1_2
MMR,4,5160,516000.0,wildfire,drivers_forest_loss_1km_2001_2024_v1_2,v1_2
MMR,5,1200,120000.0,urbanization,drivers_forest_loss_1km_2001_2024_v1_2,v1_2
MMR,6,2177,217700.0,mining,drivers_forest_loss_1km_2001_2024_v1_2,v1_2
MMR,7,8559,855900.0,infrastructure,drivers_forest_loss_1km_2001_2024_v1_2,v1_2
MNE,1,374,37400.0,commodity_agriculture,drivers_forest_loss_1km_2001_2024_v1_2,v1_2
MNE,2,155,15500.0,shifting_agriculture,drivers_forest_loss_1km_2001_2024_v1_2,v1_2
MNE,4,3349,334900.0,wildfire,drivers_forest_loss_1km_2001_2024_v1_2,v1_2
MNE,5,1396,139600.0,urbanization,drivers_forest_loss_1km_2001_2024_v1_2,v1_2
MNE,6,533,53300.0,mining,drivers_forest_loss_1km_2001_2024_v1_2,v1_2
MNE,7,283,28300.0,infrastructure,drivers_forest_loss_1km_2001_2024_v1_2,v1_2
MNG,1,1540,154000.0,commodity_agriculture,drivers_forest_loss_1km_2001_2024_v1_2,v1_2
MNG,2,663,66300.0,shifting_agriculture,drivers_forest_loss_1km_2001_2024_v1_2,v1_2
MNG,4,5520,552000.0,wildfire,drivers_forest_loss_1km_2001_2024_v1_2,v1_2
MNG,5,45113,4511300.0,urbanization,drivers_forest_loss_1km_2001_2024_v1_2,v1_2
MNG,6,30,3000.0,mining,drivers_forest_loss_1km_2001_2024_v1_2,v1_2
MNG,7,5612,561200.0,infrastructure,drivers_forest_loss_1km_2001_2024_v1_2,v1_2
MOZ,1,349291,34929100.0,commodity_agriculture,drivers_forest_loss_1km_2001_2024_v1_2,v1_2
MOZ,2,784,78400.0,shifting_agriculture,drivers_forest_loss_1km_2001_2024_v1_2,v1_2
MOZ,3,52027,5202700.0,forestry,drivers_forest_loss_1km_2001_2024_v1_2,v1_2
MOZ,4,1796,179600.0,wildfire,drivers_forest_loss_1km_2001_2024_v1_2,v1_2
MOZ,5,5285,528500.0,urbanization,drivers_forest_loss_1km_2001_2024_v1_2,v1_2
MOZ,6,4817,481700.0,mining,drivers_forest_loss_1km_2001_2024_v1_2,v1_2
MOZ,7,5797,579700.0,infrastructure,drivers_forest_loss_1km_2001_2024_v1_2,v1_2
MRT,1,192,19200.0,commodity_agriculture,drivers_forest_loss_1km_2001_2024_v1_2,v1_2
MRT,2,1,100.0,shifting_agriculture,drivers_forest_loss_1km_2001_2024_v1_2,v1_2
MRT,4,4,400.0,wildfire,drivers_forest_loss_1km_2001_2024_v1_2,v1_2
MRT,7,8,800.0,infrastructure,drivers_forest_loss_1km_2001_2024_v1_2,v1_2
MSR,1,12,1200.0,commodity_agriculture,drivers_forest_loss_1km_2001_2024_v1_2,v1_2
MSR,2,1,100.0,shifting_agriculture,drivers_forest_loss_1km_2001_2024_v1_2,v1_2
MSR,6,6,600.0,mining,drivers_forest_loss_1km_2001_2024_v1_2,v1_2
MSR,7,29,2900.0,infrastructure,drivers_forest_loss_1km_2001_2024_v1_2,v1_2
MUS,1,1098,109800.0,commodity_agriculture,drivers_forest_loss_1km_2001_2024_v1_2,v1_2
MUS,3,33,3300.0,forestry,drivers_forest_loss_1km_2001_2024_v1_2,v1_2
MUS,4,22,2200.0,wildfire,drivers_forest_loss_1km_2001_2024_v1_2,v1_2
MUS,6,59,5900.0,mining,drivers_forest_loss_1km_2001_2024_v1_2,v1_2
MUS,7,31,3100.0,infrastructure,drivers_forest_loss_1km_2001_2024_v1_2,v1_2
MWI,1,37130,3713000.0,commodity_agriculture,drivers_forest_loss_1km_2001_2024_v1_2,v1_2
MWI,2,40,4000.0,shifting_agriculture,drivers_forest_loss_1km_2001_2024_v1_2,v1_2
MWI,3,2715,271500.0,forestry,drivers_forest_loss_1km_2001_2024_v1_2,v1_2
MWI,4,896,89600.0,wildfire,drivers_forest_loss_1km_2001_2024_v1_2,v1_2
MWI,5,261,26100.0,urbanization,drivers_forest_loss_1km_2001_2024_v1_2,v1_2
MWI,6,563,56300.0,mining,drivers_forest_loss_1km_2001_2024_v1_2,v1_2
MWI,7,549,54900.0,infrastructure,drivers_forest_loss_1km_2001_2024_v1_2,v1_2
MYS,1,117141,11714100.0,commodity_agriculture,drivers_forest_loss_1km_2001_2024_v1_2,v1_2
MYS,2,3658,365800.0,shifting_agriculture,drivers_forest_loss_1km_2001_2024_v1_2,v1_2
MYS,3,9585,958500.0,forestry,drivers_forest_loss_1km_2001_2024_v1_2,v1_2
MYS,4,76549,7654900.0,wildfire,drivers_forest_loss_1km_2001_2024_v1_2,v1_2
MYS,5,1754,175400.0,urbanization,drivers_forest_loss_1km_2001_2024_v1_2,v1_2
MYS,6,7875,787500.0,mining,drivers_forest_loss_1km_2001_2024_v1_2,v1_2
MYS,7,4898,489800.0,infrastructure,drivers_forest_loss_1km_2001_2024_v1_2,v1_2
NAM,1,8475,847500.0,commodity_agriculture,drivers_forest_loss_1km_2001_2024_v1_2,v1_2
NAM,2,61,6100.0,shifting_agriculture,drivers_forest_loss_1km_2001_2024_v1_2,v1_2
NAM,4,2,200.0,wildfire,drivers_forest_loss_1km_2001_2024_v1_2,v1_2
NAM,5,23,2300.0,urbanization,drivers_forest_loss_1km_2001_2024_v1_2,v1_2
NAM,6,44,4400.0,mining,drivers_forest_loss_1km_2001_2024_v1_2,v1_2
NAM,7,6,600.0,infrastructure,drivers_forest_loss_1km_2001_2024_v1_2,v1_2
NCL,1,1283,128300.0,commodity_agriculture,drivers_forest_loss_1km_2001_2024_v1_2,v1_2
NCL,2,275,27500.0,shifting_agriculture,drivers_forest_loss_1km_2001_2024_v1_2,v1_2
NCL,3,5,500.0,forestry,drivers_forest_loss_1km_2001_2024_v1_2,v1_2
NCL,4,371,37100.0,wildfire,drivers_forest_loss_1km_2001_2024_v1_2,v1_2
NCL,5,2907,290700.0,urbanization,drivers_forest_loss_1km_2001_2024_v1_2,v1_2
NCL,6,365,36500.0,mining,drivers_forest_loss_1km_2001_2024_v1_2,v1_2
NCL,7,1383,138300.0,infrastructure,drivers_forest_loss_1km_2001_2024_v1_2,v1_2
NER,1,209,20900.0,commodity_agriculture,drivers_forest_loss_1km_2001_2024_v1_2,v1_2
NER,7,49,4900.0,infrastructure,drivers_forest_loss_1km_2001_2024_v1_2,v1_2
NGA,1,292797,29279700.0,commodity_agriculture,drivers_forest_loss_1km_2001_2024_v1_2,v1_2
NGA,2,1103,110300.0,shifting_agriculture,drivers_forest_loss_1km_2001_2024_v1_2,v1_2
NGA,3,5826,582600.0,forestry,drivers_forest_loss_1km_2001_2024_v1_2,v1_2
NGA,4,3893,389300.0,wildfire,drivers_forest_loss_1km_2001_2024_v1_2,v1_2
NGA,5,74,7400.0,urbanization,drivers_forest_loss_1km_2001_2024_v1_2,v1_2
NGA,6,15447,1544700.0,mining,drivers_forest_loss_1km_2001_2024_v1_2,v1_2
NGA,7,3501,350100.0,infrastructure,drivers_forest_loss_1km_2001_2024_v1_2,v1_2
NIC,1,74696,7469600.0,commodity_agriculture,drivers_forest_loss_1km_2001_2024_v1_2,v1_2
NIC,2,117,11700.0,shifting_agriculture,drivers_forest_loss_1km_2001_2024_v1_2,v1_2
NIC,3,3498,349800.0,forestry,drivers_forest_loss_1km_2001_2024_v1_2,v1_2
NIC,4,681,68100.0,wildfire,drivers_forest_loss_1km_2001_2024_v1_2,v1_2
NIC,5,2252,225200.0,urbanization,drivers_forest_loss_1km_2001_2024_v1_2,v1_2
NIC,6,299,29900.0,mining,drivers_forest_loss_1km_2001_2024_v1_2,v1_2
NIC,7,4932,493200.0,infrastructure,drivers_forest_loss_1km_2001_2024_v1_2,v1_2
NLD,1,755,75500.0,commodity_agriculture,drivers_forest_loss_1km_2001_2024_v1_2,v1_2
NLD,2,122,12200.0,shifting_agriculture,drivers_forest_loss_1km_2001_2024_v1_2,v1_2
NLD,4,7702,770200.0,wildfire,drivers_forest_loss_1km_2001_2024_v1_2,v1_2
NLD,5,29,2900.0,urbanization,drivers_forest_loss_1km_2001_2024_v1_2,v1_2
NLD,6,2081,208100.0,mining,drivers_forest_loss_1km_2001_2024_v1_2,v1_2
NLD,7,64,6400.0,infrastructure,drivers_forest_loss_1km_2001_2024_v1_2,v1_2
NPL,1,14620,1462000.0,commodity_agriculture,drivers_forest_loss_1km_2001_2024_v1_2,v1_2
NPL,2,221,22100.0,shifting_agriculture,drivers_forest_loss_1km_2001_2024_v1_2,v1_2
NPL,3,326,32600.0,forestry,drivers_forest_loss_1km_2001_2024_v1_2,v1_2
NPL,4,3594,359400.0,wildfire,drivers_forest_loss_1km_2001_2024_v1_2,v1_2
NPL,5,2028,202800.0,urbanization,drivers_forest_loss_1km_2001_2024_v1_2,v1_2
NPL,6,5493,549300.0,mining,drivers_forest_loss_1km_2001_2024_v1_2,v1_2
NPL,7,4362,436200.0,infrastructure,drivers_forest_loss_1km_2001_2024_v1_2,v1_2
NZL,1,35724,3572400.0,commodity_agriculture,drivers_forest_loss_1km_2001_2024_v1_2,v1_2
NZL,2,563,56300.0,shifting_agriculture,drivers_forest_loss_1km_2001_2024_v1_2,v1_2
NZL,3,42,4200.0,forestry,drivers_forest_loss_1km_2001_2024_v1_2,v1_2
NZL,4,45138,4513800.0,wildfire,drivers_forest_loss_1km_2001_2024_v1_2,v1_2
NZL,5,5492,549200.0,urbanization,drivers_forest_loss_1km_2001_2024_v1_2,v1_2
NZL,6,2231,223100.0,mining,drivers_forest_loss_1km_2001_2024_v1_2,v1_2
NZL,7,10426,1042600.0,infrastructure,drivers_forest_loss_1km_2001_2024_v1_2,v1_2
OMN,1,15,1500.0,commodity_agriculture,drivers_forest_loss_1km_2001_2024_v1_2,v1_2
OMN,6,4,400.0,mining,drivers_forest_loss_1km_2001_2024_v1_2,v1_2
PAK,1,2661,266100.0,commodity_agriculture,drivers_forest_loss_1km_2001_2024_v1_2,v1_2
PAK,2,33,3300.0,shifting_agriculture,drivers_forest_loss_1km_2001_2024_v1_2,v1_2
PAK,4,1804,180400.0,wildfire,drivers_forest_loss_1km_2001_2024_v1_2,v1_2
PAK,5,601,60100.0,urbanization,drivers_forest_loss_1km_2001_2024_v1_2,v1_2
PAK,6,359,35900.0,mining,drivers_forest_loss_1km_2001_2024_v1_2,v1_2
PAK,7,372,37200.0,infrastructure,drivers_forest_loss_1km_2001_2024_v1_2,v1_2
PAN,1,31060,3106000.0,commodity_agriculture,drivers_forest_loss_1km_2001_2024_v1_2,v1_2
PAN,2,131,13100.0,shifting_agriculture,drivers_forest_loss_1km_2001_2024_v1_2,v1_2
PAN,3,6539,653900.0,forestry,drivers_forest_loss_1km_2001_2024_v1_2,v1_2
PAN,4,530,53000.0,wildfire,drivers_forest_loss_1km_2001_2024_v1_2,v1_2
PAN,5,122,12200.0,urbanization,drivers_forest_loss_1km_2001_2024_v1_2,v1_2
PAN,6,866,86600.0,mining,drivers_forest_loss_1km_2001_2024_v1_2,v1_2
PAN,7,1650,165000.0,infrastructure,drivers_forest_loss_1km_2001_2024_v1_2,v1_2
PER,1,99006,9900600.0,commodity_agriculture,drivers_forest_loss_1km_2001_2024_v1_2,v1_2
PER,2,3361,336100.0,shifting_agriculture,drivers_forest_loss_1km_2001_2024_v1_2,v1_2
PER,3,42686,4268600.0,forestry,drivers_forest_loss_1km_2001_2024_v1_2,v1_2
PER,4,35270,3527000.0,wildfire,drivers_forest_loss_1km_2001_2024_v1_2,v1_2
PER,5,5009,500900.0,urbanization,drivers_forest_loss_1km_2001_2024_v1_2,v1_2
PER,6,830,83000.0,mining,drivers_forest_loss_1km_2001_2024_v1_2,v1_2
PER,7,48863,4886300.0,infrastructure,drivers_forest_loss_1km_2001_2024_v1_2,v1_2
PHL,1,113515,11351500.0,commodity_agriculture,drivers_forest_loss_1km_2001_2024_v1_2,v1_2
PHL,2,1064,106400.0,shifting_agriculture,drivers_forest_loss_1km_2001_2024_v1_2,v1_2
PHL,3,42018,4201800.0,forestry,drivers_forest_loss_1km_2001_2024_v1_2,v1_2
PHL,4,8274,827400.0,wildfire,drivers_forest_loss_1km_2001_2024_v1_2,v1_2
PHL,5,531,53100.0,urbanization,drivers_forest_loss_1km_2001_2024_v1_2,v1_2
PHL,6,3859,385900.0,mining,drivers_forest_loss_1km_2001_2024_v1_2,v1_2
PHL,7,6094,609400.0,infrastructure,drivers_forest_loss_1km_2001_2024_v1_2,v1_2
PLW,1,18,1800.0,commodity_agriculture,drivers_forest_loss_1km_2001_2024_v1_2,v1_2
PLW,2,1,100.0,shifting_agriculture,drivers_forest_loss_1km_2001_2024_v1_2,v1_2
PLW,3,33,3300.0,forestry,drivers_forest_loss_1km_2001_2024_v1_2,v1_2
PLW,4,90,9000.0,wildfire,drivers_forest_loss_1km_2001_2024_v1_2,v1_2
PLW,6,17,1700.0,mining,drivers_forest_loss_1km_2001_2024_v1_2,v1_2
PLW,7,76,7600.0,infrastructure,drivers_forest_loss_1km_2001_2024_v1_2,v1_2
PNG,1,13008,1300800.0,commodity_agriculture,drivers_forest_loss_1km_2001_2024_v1_2,v1_2
PNG,2,298,29800.0,shifting_agriculture,drivers_forest_loss_1km_2001_2024_v1_2,v1_2
PNG,3,62083,6208300.0,forestry,drivers_forest_loss_1km_2001_2024_v1_2,v1_2
PNG,4,63212,6321200.0,wildfire,drivers_forest_loss_1km_2001_2024_v1_2,v1_2
PNG,5,9089,908900.0,urbanization,drivers_forest_loss_1km_2001_2024_v1_2,v1_2
PNG,6,726,72600.0,mining,drivers_forest_loss_1km_2001_2024_v1_2,v1_2
PNG,7,43959,4395900.0,infrastructure,drivers_forest_loss_1km_2001_2024_v1_2,v1_2
POL,1,4045,404500.0,commodity_agriculture,drivers_forest_loss_1km_2001_2024_v1_2,v1_2
POL,2,1170,117000.0,shifting_agriculture,drivers_forest_loss_1km_2001_2024_v1_2,v1_2
POL,4,180869,18086900.0,wildfire,drivers_forest_loss_1km_2001_2024_v1_2,v1_2
POL,5,45,4500.0,urbanization,drivers_forest_loss_1km_2001_2024_v1_2,v1_2
POL,6,10746,1074600.0,mining,drivers_forest_loss_1km_2001_2024_v1_2,v1_2
POL,7,265,26500.0,infrastructure,drivers_forest_loss_1km_2001_2024_v1_2,v1_2
PRI,1,3066,306600.0,commodity_agriculture,drivers_forest_loss_1km_2001_2024_v1_2,v1_2
PRI,2,35,3500.0,shifting_agriculture,drivers_forest_loss_1km_2001_2024_v1_2,v1_2
PRI,3,435,43500.0,forestry,drivers_forest_loss_1km_2001_2024_v1_2,v1_2
PRI,4,102,10200.0,wildfire,drivers_forest_loss_1km_2001_2024_v1_2,v1_2
PRI,5,19,1900.0,urbanization,drivers_forest_loss_1km_2001_2024_v1_2,v1_2
PRI,6,2349,234900.0,mining,drivers_forest_loss_1km_2001_2024_v1_2,v1_2
PRI,7,817,81700.0,infrastructure,drivers_forest_loss_1km_2001_2024_v1_2,v1_2
PRK,1,14249,1424900.0,commodity_agriculture,drivers_forest_loss_1km_2001_2024_v1_2,v1_2
PRK,2,980,98000.0,shifting_agriculture,drivers_forest_loss_1km_2001_2024_v1_2,v1_2
PRK,3,12,1200.0,forestry,drivers_forest_loss_1km_2001_2024_v1_2,v1_2
PRK,4,29285,2928500.0,wildfire,drivers_forest_loss_1km_2001_2024_v1_2,v1_2
PRK,5,6413,641300.0,urbanization,drivers_forest_loss_1km_2001_2024_v1_2,v1_2
PRK,6,620,62000.0,mining,drivers_forest_loss_1km_2001_2024_v1_2,v1_2
PRK,7,832,83200.0,infrastructure,drivers_forest_loss_1km_2001_2024_v1_2,v1_2
PRT,1,8462,846200.0,commodity_agriculture,drivers_forest_loss_1km_2001_2024_v1_2,v1_2
PRT,2,373,37300.0,shifting_agriculture,drivers_forest_loss_1km_2001_2024_v1_2,v1_2
PRT,4,41479,4147900.0,wildfire,drivers_forest_loss_1km_2001_2024_v1_2,v1_2
PRT,5,21053,2105300.0,urbanization,drivers_forest_loss_1km_2001_2024_v1_2,v1_2
PRT,6,2664,266400.0,mining,drivers_forest_loss_1km_2001_2024_v1_2,v1_2
PRT,7,166,16600.0,infrastructure,drivers_forest_loss_1km_2001_2024_v1_2,v1_2
PRY,1,192777,19277700.0,commodity_agriculture,drivers_forest_loss_1km_2001_2024_v1_2,v1_2
PRY,2,481,48100.0,shifting_agriculture,drivers_forest_loss_1km_2001_2024_v1_2,v1_2
PRY,3,55,5500.0,forestry,drivers_forest_loss_1km_2001_2024_v1_2,v1_2
PRY,4,11520,1152000.0,wildfire,drivers_forest_loss_1km_2001_2024_v1_2,v1_2
PRY,5,13981,1398100.0,urbanization,drivers_forest_loss_1km_2001_2024_v1_2,v1_2
PRY,6,3138,313800.0,mining,drivers_forest_loss_1km_2001_2024_v1_2,v1_2
PRY,7,15808,1580800.0,infrastructure,drivers_forest_loss_1km_2001_2024_v1_2,v1_2
PSE,1,130,13000.0,commodity_agriculture,drivers_forest_loss_1km_2001_2024_v1_2,v1_2
PSE,2,17,1700.0,shifting_agriculture,drivers_forest_loss_1km_2001_2024_v1_2,v1_2
PSE,4,7,700.0,wildfire,drivers_forest_loss_1km_2001_2024_v1_2,v1_2
PSE,5,11,1100.0,urbanization,drivers_forest_loss_1km_2001_2024_v1_2,v1_2
PSE,6,71,7100.0,mining,drivers_forest_loss_1km_2001_2024_v1_2,v1_2
ROU,1,1703,170300.0,commodity_agriculture,drivers_forest_loss_1km_2001_2024_v1_2,v1_2
ROU,2,402,40200.0,shifting_agriculture,drivers_forest_loss_1km_2001_2024_v1_2,v1_2
ROU,4,68469,6846900.0,wildfire,drivers_forest_loss_1km_2001_2024_v1_2,v1_2
ROU,5,215,21500.0,urbanization,drivers_forest_loss_1km_2001_2024_v1_2,v1_2
ROU,6,1491,149100.0,mining,drivers_forest_loss_1km_2001_2024_v1_2,v1_2
ROU,7,1138,113800.0,infrastructure,drivers_forest_loss_1km_2001_2024_v1_2,v1_2
RUS,1,43170,4317000.0,commodity_agriculture,drivers_forest_loss_1km_2001_2024_v1_2,v1_2
RUS,2,199786,19978600.0,shifting_agriculture,drivers_forest_loss_1km_2001_2024_v1_2,v1_2
RUS,3,40,4000.0,forestry,drivers_forest_loss_1km_2001_2024_v1_2,v1_2
RUS,4,2481032,248103200.0,wildfire,drivers_forest_loss_1km_2001_2024_v1_2,v1_2
RUS,5,3365354,336535400.0,urbanization,drivers_forest_loss_1km_2001_2024_v1_2,v1_2
RUS,6,52364,5236400.0,mining,drivers_forest_loss_1km_2001_2024_v1_2,v1_2
RUS,7,438363,43836300.0,infrastructure,drivers_forest_loss_1km_2001_2024_v1_2,v1_2
RWA,1,9154,915400.0,commodity_agriculture,drivers_forest_loss_1km_2001_2024_v1_2,v1_2
RWA,2,14,1400.0,shifting_agriculture,drivers_forest_loss_1km_2001_2024_v1_2,v1_2
RWA,3,121,12100.0,forestry,drivers_forest_loss_1km_2001_2024_v1_2,v1_2
RWA,4,1579,157900.0,wildfire,drivers_forest_loss_1km_2001_2024_v1_2,v1_2
RWA,5,13,1300.0,urbanization,drivers_forest_loss_1km_2001_2024_v1_2,v1_2
RWA,6,664,66400.0,mining,drivers_forest_loss_1km_2001_2024_v1_2,v1_2
RWA,7,576,57600.0,infrastructure,drivers_forest_loss_1km_2001_2024_v1_2,v1_2
SAU,1,32,3200.0,commodity_agriculture,drivers_forest_loss_1km_2001_2024_v1_2,v1_2
SAU,6,2,200.0,mining,drivers_forest_loss_1km_2001_2024_v1_2,v1_2
SDN,1,7786,778600.0,commodity_agriculture,drivers_forest_loss_1km_2001_2024_v1_2,v1_2
SDN,2,2,200.0,shifting_agriculture,drivers_forest_loss_1km_2001_2024_v1_2,v1_2
SDN,3,25,2500.0,forestry,drivers_forest_loss_1km_2001_2024_v1_2,v1_2
SDN,4,5,500.0,wildfire,drivers_forest_loss_1km_2001_2024_v1_2,v1_2
SDN,5,6,600.0,urbanization,drivers_forest_loss_1km_2001_2024_v1_2,v1_2
SDN,6,12,1200.0,mining,drivers_forest_loss_1km_2001_2024_v1_2,v1_2
SDN,7,72,7200.0,infrastructure,drivers_forest_loss_1km_2001_2024_v1_2,v1_2
SEN,1,22874,2287400.0,commodity_agriculture,drivers_forest_loss_1km_2001_2024_v1_2,v1_2
SEN,2,181,18100.0,shifting_agriculture,drivers_forest_loss_1km_2001_2024_v1_2,v1_2
SEN,3,35,3500.0,forestry,drivers_forest_loss_1km_2001_2024_v1_2,v1_2
SEN,4,33,3300.0,wildfire,drivers_forest_loss_1km_2001_2024_v1_2,v1_2
SEN,5,4,400.0,urbanization,drivers_forest_loss_1km_2001_2024_v1_2,v1_2
SEN,6,166,16600.0,mining,drivers_forest_loss_1km_2001_2024_v1_2,v1_2
SEN,7,125,12500.0,infrastructure,drivers_forest_loss_1km_2001_2024_v1_2,v1_2
SGP,1,36,3600.0,commodity_agriculture,drivers_forest_loss_1km_2001_2024_v1_2,v1_2
SGP,2,4,400.0,shifting_agriculture,drivers_forest_loss_1km_2001_2024_v1_2,v1_2
SGP,4,2,200.0,wildfire,drivers_forest_loss_1km_2001_2024_v1_2,v1_2
SGP,6,278,27800.0,mining,drivers_forest_loss_1km_2001_2024_v1_2,v1_2
SLB,1,399,39900.0,commodity_agriculture,drivers_forest_loss_1km_2001_2024_v1_2,v1_2
SLB,2,12,1200.0,shifting_agriculture,drivers_forest_loss_1km_2001_2024_v1_2,v1_2
SLB,3,3830,383000.0,forestry,drivers_forest_loss_1km_2001_2024_v1_2,v1_2
SLB,4,11519,1151900.0,wildfire,drivers_forest_loss_1km_2001_2024_v1_2,v1_2
SLB,5,34,3400.0,urbanization,drivers_forest_loss_1km_2001_2024_v1_2,v1_2
SLB,6,134,13400.0,mining,drivers_forest_loss_1km_2001_2024_v1_2,v1_2
SLB,7,1849,184900.0,infrastructure,drivers_forest_loss_1km_2001_2024_v1_2,v1_2
SLE,1,13616,1361600.0,commodity_agriculture,drivers_forest_loss_1km_2001_2024_v1_2,v1_2
SLE,2,361,36100.0,shifting_agriculture,drivers_forest_loss_1km_2001_2024_v1_2,v1_2
SLE,3,40181,4018100.0,forestry,drivers_forest_loss_1km_2001_2024_v1_2,v1_2
SLE,4,226,22600.0,wildfire,drivers_forest_loss_1km_2001_2024_v1_2,v1_2
SLE,5,18,1800.0,urbanization,drivers_forest_loss_1km_2001_2024_v1_2,v1_2
SLE,6,652,65200.0,mining,drivers_forest_loss_1km_2001_2024_v1_2,v1_2
SLE,7,330,33000.0,infrastructure,drivers_forest_loss_1km_2001_2024_v1_2,v1_2
SLV,1,13621,1362100.0,commodity_agriculture,drivers_forest_loss_1km_2001_2024_v1_2,v1_2
SLV,2,12,1200.0,shifting_agriculture,drivers_forest_loss_1km_2001_2024_v1_2,v1_2
SLV,3,53,5300.0,forestry,drivers_forest_loss_1km_2001_2024_v1_2,v1_2
SLV,4,15,1500.0,wildfire,drivers_forest_loss_1km_2001_2024_v1_2,v1_2
SLV,5,19,1900.0,urbanization,drivers_forest_loss_1km_2001_2024_v1_2,v1_2
SLV,6,736,73600.0,mining,drivers_forest_loss_1km_2001_2024_v1_2,v1_2
SLV,7,146,14600.0,infrastructure,drivers_forest_loss_1km_2001_2024_v1_2,v1_2
SMR,1,1,100.0,commodity_agriculture,drivers_forest_loss_1km_2001_2024_v1_2,v1_2
SMR,4,2,200.0,wildfire,drivers_forest_loss_1km_2001_2024_v1_2,v1_2
SMR,6,8,800.0,mining,drivers_forest_loss_1km_2001_2024_v1_2,v1_2
SOM,1,5590,559000.0,commodity_agriculture,drivers_forest_loss_1km_2001_2024_v1_2,v1_2
SOM,2,17,1700.0,shifting_agriculture,drivers_forest_loss_1km_2001_2024_v1_2,v1_2
SOM,3,10,1000.0,forestry,drivers_forest_loss_1km_2001_2024_v1_2,v1_2
SOM,4,16,1600.0,wildfire,drivers_forest_loss_1km_2001_2024_v1_2,v1_2
SOM,5,7,700.0,urbanization,drivers_forest_loss_1km_2001_2024_v1_2,v1_2
SOM,6,139,13900.0,mining,drivers_forest_loss_1km_2001_2024_v1_2,v1_2
SOM,7,500,50000.0,infrastructure,drivers_forest_loss_1km_2001_2024_v1_2,v1_2
SPM,2,2,200.0,shifting_agriculture,drivers_forest_loss_1km_2001_2024_v1_2,v1_2
SPM,5,2,200.0,urbanization,drivers_forest_loss_1km_2001_2024_v1_2,v1_2
SPM,6,1,100.0,mining,drivers_forest_loss_1km_2001_2024_v1_2,v1_2
SRB,1,541,54100.0,commodity_agriculture,drivers_forest_loss_1km_2001_2024_v1_2,v1_2
SRB,2,357,35700.0,shifting_agriculture,drivers_forest_loss_1km_2001_2024_v1_2,v1_2
SRB,4,20014,2001400.0,wildfire,drivers_forest_loss_1km_2001_2024_v1_2,v1_2
SRB,5,396,39600.0,urbanization,drivers_forest_loss_1km_2001_2024_v1_2,v1_2
SRB,6,963,96300.0,mining,drivers_forest_loss_1km_2001_2024_v1_2,v1_2
SRB,7,147,14700.0,infrastructure,drivers_forest_loss_1km_2001_2024_v1_2,v1_2
SSD,1,40868,4086800.0,commodity_agriculture,drivers_forest_loss_1km_2001_2024_v1_2,v1_2
SSD,2,173,17300.0,shifting_agriculture,drivers_forest_loss_1km_2001_2024_v1_2,v1_2
SSD,3,13230,1323000.0,forestry,drivers_forest_loss_1km_2001_2024_v1_2,v1_2
SSD,4,242,24200.0,wildfire,drivers_forest_loss_1km_2001_2024_v1_2,v1_2
SSD,5,242,24200.0,urbanization,drivers_forest_loss_1km_2001_2024_v1_2,v1_2
SSD,6,929,92900.0,mining,drivers_forest_loss_1km_2001_2024_v1_2,v1_2
SSD,7,4857,485700.0,infrastructure,drivers_forest_loss_1km_2001_2024_v1_2,v1_2
STP,7,21,2100.0,infrastructure,drivers_forest_loss_1km_2001_2024_v1_2,v1_2
SUR,1,3189,318900.0,commodity_agriculture,drivers_forest_loss_1km_2001_2024_v1_2,v1_2
SUR,2,5349,534900.0,shifting_agriculture,drivers_forest_loss_1km_2001_2024_v1_2,v1_2
SUR,3,2101,210100.0,forestry,drivers_forest_loss_1km_2001_2024_v1_2,v1_2
SUR,4,8183,818300.0,wildfire,drivers_forest_loss_1km_2001_2024_v1_2,v1_2
SUR,5,813,81300.0,urbanization,drivers_forest_loss_1km_2001_2024_v1_2,v1_2
SUR,6,392,39200.0,mining,drivers_forest_loss_1km_2001_2024_v1_2,v1_2
SUR,7,2953,295300.0,infrastructure,drivers_forest_loss_1km_2001_2024_v1_2,v1_2
SVK,1,340,34000.0,commodity_agriculture,drivers_forest_loss_1km_2001_2024_v1_2,v1_2
SVK,2,107,10700.0,shifting_agriculture,drivers_forest_loss_1km_2001_2024_v1_2,v1_2
SVK,4,27994,2799400.0,wildfire,drivers_forest_loss_1km_2001_2024_v1_2,v1_2
SVK,5,6,600.0,urbanization,drivers_forest_loss_1km_2001_2024_v1_2,v1_2
SVK,6,736,73600.0,mining,drivers_forest_loss_1km_2001_2024_v1_2,v1_2
SVK,7,300,30000.0,infrastructure,drivers_forest_loss_1km_2001_2024_v1_2,v1_2
SVN,1,426,42600.0,commodity_agriculture,drivers_forest_loss_1km_2001_2024_v1_2,v1_2
SVN,2,252,25200.0,shifting_agriculture,drivers_forest_loss_1km_2001_2024_v1_2,v1_2
SVN,4,12296,1229600.0,wildfire,drivers_forest_loss_1km_2001_2024_v1_2,v1_2
SVN,5,104,10400.0,urbanization,drivers_forest_loss_1km_2001_2024_v1_2,v1_2
SVN,6,953,95300.0,mining,drivers_forest_loss_1km_2001_2024_v1_2,v1_2
SVN,7,402,40200.0,infrastructure,drivers_forest_loss_1km_2001_2024_v1_2,v1_2
SWE,1,1614,161400.0,commodity_agriculture,drivers_forest_loss_1km_2001_2024_v1_2,v1_2
SWE,2,1560,156000.0,shifting_agriculture,drivers_forest_loss_1km_2001_2024_v1_2,v1_2
SWE,4,491064,49106400.0,wildfire,drivers_forest_loss_1km_2001_2024_v1_2,v1_2
SWE,5,2287,228700.0,urbanization,drivers_forest_loss_1km_2001_2024_v1_2,v1_2
SWE,6,11538,1153800.0,mining,drivers_forest_loss_1km_2001_2024_v1_2,v1_2
SWE,7,374,37400.0,infrastructure,drivers_forest_loss_1km_2001_2024_v1_2,v1_2
SWZ,1,4898,489800.0,commodity_agriculture,drivers_forest_loss_1km_2001_2024_v1_2,v1_2
SWZ,2,21,2100.0,shifting_agriculture,drivers_forest_loss_1km_2001_2024_v1_2,v1_2
SWZ,3,20,2000.0,forestry,drivers_forest_loss_1km_2001_2024_v1_2,v1_2
SWZ,4,2752,275200.0,wildfire,drivers_forest_loss_1km_2001_2024_v1_2,v1_2
SWZ,5,379,37900.0,urbanization,drivers_forest_loss_1km_2001_2024_v1_2,v1_2
SWZ,6,308,30800.0,mining,drivers_forest_loss_1km_2001_2024_v1_2,v1_2
SWZ,7,36,3600.0,infrastructure,drivers_forest_loss_1km_2001_2024_v1_2,v1_2
SXM,6,4,400.0,mining,drivers_forest_loss_1km_2001_2024_v1_2,v1_2
SYC,7,2,200.0,infrastructure,drivers_forest_loss_1km_2001_2024_v1_2,v1_2
SYR,1,1027,102700.0,commodity_agriculture,drivers_forest_loss_1km_2001_2024_v1_2,v1_2
SYR,2,31,3100.0,shifting_agriculture,drivers_forest_loss_1km_2001_2024_v1_2,v1_2
SYR,4,295,29500.0,wildfire,drivers_forest_loss_1km_2001_2024_v1_2,v1_2
SYR,5,1891,189100.0,urbanization,drivers_forest_loss_1km_2001_2024_v1_2,v1_2
SYR,6,132,13200.0,mining,drivers_forest_loss_1km_2001_2024_v1_2,v1_2
SYR,7,17,1700.0,infrastructure,drivers_forest_loss_1km_2001_2024_v1_2,v1_2
TCA,1,11,1100.0,commodity_agriculture,drivers_forest_loss_1km_2001_2024_v1_2,v1_2
TCA,2,4,400.0,shifting_agriculture,drivers_forest_loss_1km_2001_2024_v1_2,v1_2
TCA,6,46,4600.0,mining,drivers_forest_loss_1km_2001_2024_v1_2,v1_2
TCA,7,37,3700.0,infrastructure,drivers_forest_loss_1km_2001_2024_v1_2,v1_2
TCD,1,81610,8161000.0,commodity_agriculture,drivers_forest_loss_1km_2001_2024_v1_2,v1_2
TCD,2,94,9400.0,shifting_agriculture,drivers_forest_loss_1km_2001_2024_v1_2,v1_2
TCD,3,1212,121200.0,forestry,drivers_forest_loss_1km_2001_2024_v1_2,v1_2
TCD,4,18,1800.0,wildfire,drivers_forest_loss_1km_2001_2024_v1_2,v1_2
TCD,5,170,17000.0,urbanization,drivers_forest_loss_1km_2001_2024_v1_2,v1_2
TCD,6,77,7700.0,mining,drivers_forest_loss_1km_2001_2024_v1_2,v1_2
TCD,7,641,64100.0,infrastructure,drivers_forest_loss_1km_2001_2024_v1_2,v1_2
TGO,1,27684,2768400.0,commodity_agriculture,drivers_forest_loss_1km_2001_2024_v1_2,v1_2
TGO,2,46,4600.0,shifting_agriculture,drivers_forest_loss_1km_2001_2024_v1_2,v1_2
TGO,3,1266,126600.0,forestry,drivers_forest_loss_1km_2001_2024_v1_2,v1_2
TGO,4,11,1100.0,wildfire,drivers_forest_loss_1km_2001_2024_v1_2,v1_2
TGO,5,1,100.0,urbanization,drivers_forest_loss_1km_2001_2024_v1_2,v1_2
TGO,6,451,45100.0,mining,drivers_forest_loss_1km_2001_2024_v1_2,v1_2
TGO,7,33,3300.0,infrastructure,drivers_forest_loss_1km_2001_2024_v1_2,v1_2
THA,1,212430,21243000.0,commodity_agriculture,drivers_forest_loss_1km_2001_2024_v1_2,v1_2
THA,2,1468,146800.0,shifting_agriculture,drivers_forest_loss_1km_2001_2024_v1_2,v1_2
THA,3,24667,2466700.0,forestry,drivers_forest_loss_1km_2001_2024_v1_2,v1_2
THA,4,6706,670600.0,wildfire,drivers_forest_loss_1km_2001_2024_v1_2,v1_2
THA,5,175,17500.0,urbanization,drivers_forest_loss_1km_2001_2024_v1_2,v1_2
THA,6,9717,971700.0,mining,drivers_forest_loss_1km_2001_2024_v1_2,v1_2
THA,7,1912,191200.0,infrastructure,drivers_forest_loss_1km_2001_2024_v1_2,v1_2
TJK,1,141,14100.0,commodity_agriculture,drivers_forest_loss_1km_2001_2024_v1_2,v1_2
TJK,2,3,300.0,shifting_agriculture,drivers_forest_loss_1km_2001_2024_v1_2,v1_2
TJK,4,34,3400.0,wildfire,drivers_forest_loss_1km_2001_2024_v1_2,v1_2
TJK,5,3,300.0,urbanization,drivers_forest_loss_1km_2001_2024_v1_2,v1_2
TJK,6,21,2100.0,mining,drivers_forest_loss_1km_2001_2024_v1_2,v1_2
TJK,7,102,10200.0,infrastructure,drivers_forest_loss_1km_2001_2024_v1_2,v1_2
TKM,1,89,8900.0,commodity_agriculture,drivers_forest_loss_1km_2001_2024_v1_2,v1_2
TKM,2,4,400.0,shifting_agriculture,drivers_forest_loss_1km_2001_2024_v1_2,v1_2
TKM,4,15,1500.0,wildfire,drivers_forest_loss_1km_2001_2024_v1_2,v1_2
TKM,5,28,2800.0,urbanization,drivers_forest_loss_1km_2001_2024_v1_2,v1_2
TKM,6,3,300.0,mining,drivers_forest_loss_1km_2001_2024_v1_2,v1_2
TKM,7,183,18300.0,infrastructure,drivers_forest_loss_1km_2001_2024_v1_2,v1_2
TLS,1,6617,661700.0,commodity_agriculture,drivers_forest_loss_1km_2001_2024_v1_2,v1_2
TLS,2,156,15600.0,shifting_agriculture,drivers_forest_loss_1km_2001_2024_v1_2,v1_2
TLS,3,192,19200.0,forestry,drivers_forest_loss_1km_2001_2024_v1_2,v1_2
TLS,4,62,6200.0,wildfire,drivers_forest_loss_1km_2001_2024_v1_2,v1_2
TLS,5,135,13500.0,urbanization,drivers_forest_loss_1km_2001_2024_v1_2,v1_2
TLS,6,132,13200.0,mining,drivers_forest_loss_1km_2001_2024_v1_2,v1_2
TLS,7,319,31900.0,infrastructure,drivers_forest_loss_1km_2001_2024_v1_2,v1_2
TTO,1,1787,178700.0,commodity_agriculture,drivers_forest_loss_1km_2001_2024_v1_2,v1_2
TTO,2,80,8000.0,shifting_agriculture,drivers_forest_loss_1km_2001_2024_v1_2,v1_2
TTO,3,124,12400.0,forestry,drivers_forest_loss_1km_2001_2024_v1_2,v1_2
TTO,4,102,10200.0,wildfire,drivers_forest_loss_1km_2001_2024_v1_2,v1_2
TTO,6,732,73200.0,mining,drivers_forest_loss_1km_2001_2024_v1_2,v1_2
TTO,7,140,14000.0,infrastructure,drivers_forest_loss_1km_2001_2024_v1_2,v1_2
TUN,1,1923,192300.0,commodity_agriculture,drivers_forest_loss_1km_2001_2024_v1_2,v1_2
TUN,2,121,12100.0,shifting_agriculture,drivers_forest_loss_1km_2001_2024_v1_2,v1_2
TUN,3,8,800.0,forestry,drivers_forest_loss_1km_2001_2024_v1_2,v1_2
TUN,4,482,48200.0,wildfire,drivers_forest_loss_1km_2001_2024_v1_2,v1_2
TUN,5,2819,281900.0,urbanization,drivers_forest_loss_1km_2001_2024_v1_2,v1_2
TUN,6,241,24100.0,mining,drivers_forest_loss_1km_2001_2024_v1_2,v1_2
TUN,7,65,6500.0,infrastructure,drivers_forest_loss_1km_2001_2024_v1_2,v1_2
TUR,1,22475,2247500.0,commodity_agriculture,drivers_forest_loss_1km_2001_2024_v1_2,v1_2
TUR,2,7438,743800.0,shifting_agriculture,drivers_forest_loss_1km_2001_2024_v1_2,v1_2
TUR,3,1,100.0,forestry,drivers_forest_loss_1km_2001_2024_v1_2,v1_2
TUR,4,81685,8168500.0,wildfire,drivers_forest_loss_1km_2001_2024_v1_2,v1_2
TUR,5,10587,1058700.0,urbanization,drivers_forest_loss_1km_2001_2024_v1_2,v1_2
TUR,6,12294,1229400.0,mining,drivers_forest_loss_1km_2001_2024_v1_2,v1_2
TUR,7,1695,169500.0,infrastructure,drivers_forest_loss_1km_2001_2024_v1_2,v1_2
TWN,1,4109,410900.0,commodity_agriculture,drivers_forest_loss_1km_2001_2024_v1_2,v1_2
TWN,2,35,3500.0,shifting_agriculture,drivers_forest_loss_1km_2001_2024_v1_2,v1_2
TWN,3,96,9600.0,forestry,drivers_forest_loss_1km_2001_2024_v1_2,v1_2
TWN,4,3050,305000.0,wildfire,drivers_forest_loss_1km_2001_2024_v1_2,v1_2
TWN,5,13,1300.0,urbanization,drivers_forest_loss_1km_2001_2024_v1_2,v1_2
TWN,6,2418,241800.0,mining,drivers_forest_loss_1km_2001_2024_v1_2,v1_2
TWN,7,3932,393200.0,infrastructure,drivers_forest_loss_1km_2001_2024_v1_2,v1_2
TZA,1,331739,33173900.0,commodity_agriculture,drivers_forest_loss_1km_2001_2024_v1_2,v1_2
TZA,2,2158,215800.0,shifting_agriculture,drivers_forest_loss_1km_2001_2024_v1_2,v1_2
TZA,3,40378,4037800.0,forestry,drivers_forest_loss_1km_2001_2024_v1_2,v1_2
TZA,4,8841,884100.0,wildfire,drivers_forest_loss_1km_2001_2024_v1_2,v1_2
TZA,5,1133,113300.0,urbanization,drivers_forest_loss_1km_2001_2024_v1_2,v1_2
TZA,6,7561,756100.0,mining,drivers_forest_loss_1km_2001_2024_v1_2,v1_2
TZA,7,6342,634200.0,infrastructure,drivers_forest_loss_1km_2001_2024_v1_2,v1_2
UGA,1,88960,8896000.0,commodity_agriculture,drivers_forest_loss_1km_2001_2024_v1_2,v1_2
UGA,2,54,5400.0,shifting_agriculture,drivers_forest_loss_1km_2001_2024_v1_2,v1_2
UGA,3,3303,330300.0,forestry,drivers_forest_loss_1km_2001_2024_v1_2,v1_2
UGA,4,5140,514000.0,wildfire,drivers_forest_loss_1km_2001_2024_v1_2,v1_2
UGA,5,175,17500.0,urbanization,drivers_forest_loss_1km_2001_2024_v1_2,v1_2
UGA,6,2134,213400.0,mining,drivers_forest_loss_1km_2001_2024_v1_2,v1_2
UGA,7,3335,333500.0,infrastructure,drivers_forest_loss_1km_2001_2024_v1_2,v1_2
UKR,1,6079,607900.0,commodity_agriculture,drivers_forest_loss_1km_2001_2024_v1_2,v1_2
UKR,2,1127,112700.0,shifting_agriculture,drivers_forest_loss_1km_2001_2024_v1_2,v1_2
UKR,4,134276,13427600.0,wildfire,drivers_forest_loss_1km_2001_2024_v1_2,v1_2
UKR,5,7571,757100.0,urbanization,drivers_forest_loss_1km_2001_2024_v1_2,v1_2
UKR,6,4227,422700.0,mining,drivers_forest_loss_1km_2001_2024_v1_2,v1_2
UKR,7,1128,112800.0,infrastructure,drivers_forest_loss_1km_2001_2024_v1_2,v1_2
UMI,1,2,200.0,commodity_agriculture,drivers_forest_loss_1km_2001_2024_v1_2,v1_2
URY,1,19786,1978600.0,commodity_agriculture,drivers_forest_loss_1km_2001_2024_v1_2,v1_2
URY,2,84,8400.0,shifting_agriculture,drivers_forest_loss_1km_2001_2024_v1_2,v1_2
URY,4,26475,2647500.0,wildfire,drivers_forest_loss_1km_2001_2024_v1_2,v1_2
URY,5,225,22500.0,urbanization,drivers_forest_loss_1km_2001_2024_v1_2,v1_2
URY,6,620,62000.0,mining,drivers_forest_loss_1km_2001_2024_v1_2,v1_2
URY,7,1190,119000.0,infrastructure,drivers_forest_loss_1km_2001_2024_v1_2,v1_2
USA,1,444143,44414300.0,commodity_agriculture,drivers_forest_loss_1km_2001_2024_v1_2,v1_2
USA,2,37519,3751900.0,shifting_agriculture,drivers_forest_loss_1km_2001_2024_v1_2,v1_2
USA,4,1529772,152977200.0,wildfire,drivers_forest_loss_1km_2001_2024_v1_2,v1_2
USA,5,593872,59387200.0,urbanization,drivers_forest_loss_1km_2001_2024_v1_2,v1_2
USA,6,315596,31559600.0,mining,drivers_forest_loss_1km_2001_2024_v1_2,v1_2
USA,7,171402,17140200.0,infrastructure,drivers_forest_loss_1km_2001_2024_v1_2,v1_2
UZB,1,411,41100.0,commodity_agriculture,drivers_forest_loss_1km_2001_2024_v1_2,v1_2
UZB,2,25,2500.0,shifting_agriculture,drivers_forest_loss_1km_2001_2024_v1_2,v1_2
UZB,4,78,7800.0,wildfire,drivers_forest_loss_1km_2001_2024_v1_2,v1_2
UZB,5,20,2000.0,urbanization,drivers_forest_loss_1km_2001_2024_v1_2,v1_2
UZB,6,163,16300.0,mining,drivers_forest_loss_1km_2001_2024_v1_2,v1_2
UZB,7,249,24900.0,infrastructure,drivers_forest_loss_1km_2001_2024_v1_2,v1_2
VCT,1,69,6900.0,commodity_agriculture,drivers_forest_loss_1km_2001_2024_v1_2,v1_2
VCT,6,33,3300.0,mining,drivers_forest_loss_1km_2001_2024_v1_2,v1_2
VCT,7,69,6900.0,infrastructure,drivers_forest_loss_1km_2001_2024_v1_2,v1_2
VEN,1,215535,21553500.0,commodity_agriculture,drivers_forest_loss_1km_2001_2024_v1_2,v1_2
VEN,2,3778,377800.0,shifting_agriculture,drivers_forest_loss_1km_2001_2024_v1_2,v1_2
VEN,3,11126,1112600.0,forestry,drivers_forest_loss_1km_2001_2024_v1_2,v1_2
VEN,4,9587,958700.0,wildfire,drivers_forest_loss_1km_2001_2024_v1_2,v1_2
VEN,5,11033,1103300.0,urbanization,drivers_forest_loss_1km_2001_2024_v1_2,v1_2
VEN,6,2557,255700.0,mining,drivers_forest_loss_1km_2001_2024_v1_2,v1_2
VEN,7,31657,3165700.0,infrastructure,drivers_forest_loss_1km_2001_2024_v1_2,v1_2
VGB,1,9,900.0,commodity_agriculture,drivers_forest_loss_1km_2001_2024_v1_2,v1_2
VGB,6,33,3300.0,mining,drivers_forest_loss_1km_2001_2024_v1_2,v1_2
VGB,7,13,1300.0,infrastructure,drivers_forest_loss_1km_2001_2024_v1_2,v1_2
VIR,1,43,4300.0,commodity_agriculture,drivers_forest_loss_1km_2001_2024_v1_2,v1_2
VIR,3,16,1600.0,forestry,drivers_forest_loss_1km_2001_2024_v1_2,v1_2
VIR,6,115,11500.0,mining,drivers_forest_loss_1km_2001_2024_v1_2,v1_2
VIR,7,31,3100.0,infrastructure,drivers_forest_loss_1km_2001_2024_v1_2,v1_2
VNM,1,90208,9020800.0,commodity_agriculture,drivers_forest_loss_1km_2001_2024_v1_2,v1_2
VNM,2,2995,299500.0,shifting_agriculture,drivers_forest_loss_1km_2001_2024_v1_2,v1_2
VNM,3,37124,3712400.0,forestry,drivers_forest_loss_1km_2001_2024_v1_2,v1_2
VNM,4,56056,5605600.0,wildfire,drivers_forest_loss_1km_2001_2024_v1_2,v1_2
VNM,5,349,34900.0,urbanization,drivers_forest_loss_1km_2001_2024_v1_2,v1_2
VNM,6,6054,605400.0,mining,drivers_forest_loss_1km_2001_2024_v1_2,v1_2
VNM,7,4565,456500.0,infrastructure,drivers_forest_loss_1km_2001_2024_v1_2,v1_2
VUT,1,516,51600.0,commodity_agriculture,drivers_forest_loss_1km_2001_2024_v1_2,v1_2
VUT,3,122,12200.0,forestry,drivers_forest_loss_1km_2001_2024_v1_2,v1_2
VUT,4,626,62600.0,wildfire,drivers_forest_loss_1km_2001_2024_v1_2,v1_2
VUT,5,52,5200.0,urbanization,drivers_forest_loss_1km_2001_2024_v1_2,v1_2
VUT,6,63,6300.0,mining,drivers_forest_loss_1km_2001_2024_v1_2,v1_2
VUT,7,1509,150900.0,infrastructure,drivers_forest_loss_1km_2001_2024_v1_2,v1_2
YEM,1,45,4500.0,commodity_agriculture,drivers_forest_loss_1km_2001_2024_v1_2,v1_2
YEM,7,2,200.0,infrastructure,drivers_forest_loss_1km_2001_2024_v1_2,v1_2
ZAF,1,72641,7264100.0,commodity_agriculture,drivers_forest_loss_1km_2001_2024_v1_2,v1_2
ZAF,2,2192,219200.0,shifting_agriculture,drivers_forest_loss_1km_2001_2024_v1_2,v1_2
ZAF,3,198,19800.0,forestry,drivers_forest_loss_1km_2001_2024_v1_2,v1_2
ZAF,4,44889,4488900.0,wildfire,drivers_forest_loss_1km_2001_2024_v1_2,v1_2
ZAF,5,18026,1802600.0,urbanization,drivers_forest_loss_1km_2001_2024_v1_2,v1_2
ZAF,6,7558,755800.0,mining,drivers_forest_loss_1km_2001_2024_v1_2,v1_2
ZAF,7,1532,153200.0,infrastructure,drivers_forest_loss_1km_2001_2024_v1_2,v1_2
ZMB,1,274714,27471400.0,commodity_agriculture,drivers_forest_loss_1km_2001_2024_v1_2,v1_2
ZMB,2,1092,109200.0,shifting_agriculture,drivers_forest_loss_1km_2001_2024_v1_2,v1_2
ZMB,3,72775,7277500.0,forestry,drivers_forest_loss_1km_2001_2024_v1_2,v1_2
ZMB,4,1117,111700.0,wildfire,drivers_forest_loss_1km_2001_2024_v1_2,v1_2
ZMB,5,4850,485000.0,urbanization,drivers_forest_loss_1km_2001_2024_v1_2,v1_2
ZMB,6,2423,242300.0,mining,drivers_forest_loss_1km_2001_2024_v1_2,v1_2
ZMB,7,2733,273300.0,infrastructure,drivers_forest_loss_1km_2001_2024_v1_2,v1_2
ZWE,1,102550,10255000.0,commodity_agriculture,drivers_forest_loss_1km_2001_2024_v1_2,v1_2
ZWE,2,567,56700.0,shifting_agriculture,drivers_forest_loss_1km_2001_2024_v1_2,v1_2
ZWE,3,121,12100.0,forestry,drivers_forest_loss_1km_2001_2024_v1_2,v1_2
ZWE,4,2502,250200.0,wildfire,drivers_forest_loss_1km_2001_2024_v1_2,v1_2
ZWE,5,197,19700.0,urbanization,drivers_forest_loss_1km_2001_2024_v1_2,v1_2
ZWE,6,1109,110900.0,mining,drivers_forest_loss_1km_2001_2024_v1_2,v1_2
ZWE,7,95,9500.0,infrastructure,drivers_forest_loss_1km_2001_2024_v1_2,v1_2
